"x","y"
0.006504850687099273,0.2092495032170929
0.009793702255446401,0.6503489456795291
0.013754001504171276,0.37001928386490507
0.017395910823720273,0.10501099226614014
0.018384827583977303,0.6623028637046311
0.02006653895742838,0.20332734087011084
0.02303501134863306,0.6965319030620676
0.026142978588801435,0.587291846492529
0.028046181129714798,0.6645513386832732
0.03213047783964562,0.7089240941372554
0.03554677732816325,0.5601269102313675
0.04171993137073726,0.45875635371848156
0.04293616276843548,0.7555658576554157
0.05021888964773846,0.8003552683203167
0.050243031387953385,0.5247312803977913
0.05031041347586651,0.11931849995888166
0.054926940122826506,0.11218149679436595
0.05868946138755238,0.7903945669199071
0.059130282088756925,0.947702871614237
0.06899786046590828,0.5706141780497567
0.07343357795646321,0.75962346022997
0.07347489255403472,0.5881593331852066
0.07361887467628536,0.8380270865331151
0.07816160723891308,1.1407416068185565
0.08624328421146821,-0.012590489376158365
0.09905318239064398,0.5839919745457075
0.10307653356364121,0.9998951172069325
0.11113805257577325,0.9888668733644356
0.11272070649778154,1.0503045015039487
0.11857031494625159,1.0904339459206127
0.1187528632531456,0.8958833293972464
0.11977365833908471,1.2735588057875118
0.12202717219401271,1.0735762364903236
0.1229384244800904,1.4018332800141704
0.12898686685924798,1.2657694045106467
0.1353778458925714,0.6972181890147338
0.14032559305226022,0.8184846927531625
0.14616361421884916,1.6209343187358582
0.1486772999306205,1.2085793027175005
0.14953525487626274,1.667960566242035
0.15145687756457882,0.7161912464230114
0.1539174239783725,1.215494840951213
0.15603566976083805,1.2830879860656725
0.17624634027211328,1.3104503043928204
0.17871364790026134,1.025882558318576
0.18289214551759803,1.6934491224624577
0.18969805637704718,1.2987283270166463
0.18992925968349272,1.3744470449059762
0.19122140897776063,0.7959930143468472
0.19251559327268164,1.2939235719689193
0.19764592348154952,1.3505289293989031
0.19884574530349264,1.431841800034301
0.21278657809521695,1.4567632592501676
0.23828089462582902,1.5701055512388367
0.25114231175111046,1.2925978598034196
0.26916610729270185,1.7985729126993504
0.2709793060300423,1.2255501469132983
0.27101016618879425,1.079464648227888
0.2732752743205853,1.6736545522675272
0.29230623616440377,1.4051554636309902
0.2961680929870518,1.5541956719895877
0.31449008453261373,1.401825870783024
0.31499146768818864,1.6856580908914602
0.31612999953566234,2.1615949196671744
0.32519612350179505,1.598135841766319
0.32954085598923033,1.8575452891443016
0.33195212878325253,1.6472564043317395
0.3334734306481477,2.318104552437343
0.33493264543183465,1.500029448908164
0.34125263618319823,1.7522620203644412
0.34229567268280836,1.7560983141709385
0.3454185954926363,1.4803749763648644
0.34661565599211475,1.7193017993463178
0.35419241579963945,1.1117597138634445
0.35726496300878363,1.4589676878249849
0.38043228590212785,1.6988215428864715
0.3804991564817841,1.3533668814666047
0.38559279071741415,1.6003075366261572
0.3917757658715948,1.9317532421121173
0.40645355728252675,1.8022711497030037
0.41186034576884945,2.0346701354886094
0.4165138921188203,2.0664113066847305
0.43841675161134064,2.175424791522529
0.4392272870708305,1.5760922825225072
0.4457489905699179,1.8056078505837583
0.4475198487205816,1.9374338731606209
0.45206582518752714,1.7842246031012485
0.4539307671534718,2.1229985833660425
0.4545915887651828,1.890308631375632
0.46025060096961146,2.4794088353167467
0.46329410753903444,1.8677444280846434
0.46583543072486333,1.9414453753652476
0.4714001513199473,1.9596923562128148
0.4723324112361318,2.1786182737697484
0.48100418820532065,2.4021546432317025
0.4887980448890479,1.3200395774339606
0.4888593087354054,2.084865878073587
0.49152388838177363,1.9468839532806959
0.4988385522042549,2.2914930013225066
0.5030931502632621,1.9402883889136155
0.512895906846079,2.432459216114322
0.523357029826454,2.42405301172527
0.5234366753743831,2.0556506312437297
0.5262683335554152,2.564838989603774
0.5265392359073027,2.081642761772057
0.5476061756698096,2.3252054359972107
0.5479218482718986,2.1053212833632844
0.5550269465072293,2.308533678526534
0.5584055867860382,2.502609204991596
0.56467350512138,2.4518518418157327
0.5749069348685385,2.011199918580779
0.5940925088800479,2.350038190195258
0.5970198743377415,2.548956763074318
0.5994567114083356,2.610267889010859
0.60081759204587,2.086252085759939
0.608531737804815,2.043588722577301
0.6087761387117407,1.9875658309220583
0.6186343266023533,2.158795587537858
0.6270765731624859,2.1970827232411136
0.6303494616231915,2.0994083917633386
0.6314613647149196,2.223536083473845
0.6386197903931816,2.4124602750495283
0.6388116926735303,2.4316256318014466
0.6388517339399755,2.65648862457052
0.6401948273759863,2.102259408497256
0.6513542229833784,2.5453071474806364
0.6522950870083113,2.607644545546745
0.6618565568298724,1.9930053030378228
0.6636736265014413,2.2648637438467323
0.6657091941003241,2.851194649083559
0.6661999960204381,2.023940186244228
0.6772731527748022,2.477663326569327
0.6800396933328281,2.555677937039902
0.6851969374774838,2.589049826461125
0.6894864072604008,2.5504228502354187
0.7073113438516028,2.196294285404136
0.7079653200022762,3.0862993802200003
0.709667124690847,2.4503777117692582
0.7103382303557575,2.1596491586574733
0.7147950125792011,2.2993510878097294
0.7153849226701885,2.548620731722584
0.7157725134691078,2.9133519972456474
0.7215607800885675,2.544570395733837
0.7240522381621988,2.860498629869512
0.7259124874537302,2.490799375667375
0.7334340900733836,2.7101285338493346
0.7337694074413541,2.522144185969179
0.7381114683403001,2.7012424089042337
0.7384583673310505,2.2955277564048955
0.7396457329170811,2.4023188839495133
0.742898912696929,2.8905362891002797
0.7446967986113342,2.9794828087925422
0.7564356190653672,3.3850864767115274
0.7603704945187442,2.4955877311456547
0.7613848465597877,2.5197540633035
0.7652328645272217,2.8536705010806065
0.7713539924357102,2.4380198243074274
0.7722803377970917,2.3950342439880457
0.774246549071153,2.6969770354080795
0.7770146828990101,2.064087055710201
0.7964873335706981,2.4041857437709577
0.8011180331705754,2.2638894545421397
0.814431937502474,2.513009129816489
0.8167630727797344,2.9255976837170135
0.8232502978717755,2.343954587679343
0.8273493970734773,2.6816871187997178
0.8298126542979187,2.6836750468588497
0.8379747428909137,2.2167865717561437
0.8491488245522831,2.4498869447617575
0.8525168937471501,3.040756840529437
0.8547384628807029,2.6757068632265577
0.8556683270203636,2.568607858017995
0.862783035594356,2.8355875332760005
0.8642540201459965,2.728437920712375
0.8668188217139889,2.324613743378442
0.8753155828225254,2.5630035374577114
0.875996109638878,2.9471715277265442
0.8801631659667575,2.900441164735922
0.883207222590886,2.82048221403435
0.8839225767426666,3.08626416675039
0.8848178710192536,2.3109153360298222
0.88949005159054,2.813018968074653
0.8960584972768357,2.7115978029175616
0.9047779688939974,3.2230736105239743
0.9086236145970938,2.6362739799342845
0.9148739099134726,2.78063727098114
0.9165062965295685,2.9138185218604686
0.917125006829558,2.6155837167764666
0.9186178613704294,3.048668461171859
0.9231351932705547,2.428287759181925
0.9427221831157633,3.7865204630158145
0.9451267282653144,2.9467754749916693
0.9468622190238976,2.251490820706052
0.9589878074553646,2.579170933365366
0.9644244912927147,3.0865022704654104
0.9712287834348958,2.4918921056775067
0.9842703183324482,3.2501413808588473
0.9860210609456526,2.8015377928914953
0.9927136037048709,3.6665583301899254
0.9976650585345057,2.7713963249885394
