"x","y","site","eta_true","re_true"
-2.9185822183766965,1.0,1.0,1.0073325774520554,0.18426578210239608
1.964364158408996,15.0,1.0,1.9231031642747969,0.18426578210239608
3.0938289510376586,3.0,1.0,1.222462216902731,0.18426578210239608
-0.15296032843567664,3.0,1.0,1.0623741336757293,0.18426578210239608
1.4452810732573456,8.0,1.0,1.9779724192442814,0.18426578210239608
2.01128779240769,9.0,1.0,1.9078995575920157,0.18426578210239608
-0.7481886556407358,0.0,1.0,0.6400159404820838,0.18426578210239608
-1.094464363258123,1.0,1.0,0.47331956225540006,0.18426578210239608
-2.828632305209292,0.0,1.0,0.9379645543004375,0.18426578210239608
0.36784554920798307,4.0,1.0,1.471950534809132,0.18426578210239608
-0.8843957626055841,2.0,1.0,0.565440031161752,0.18426578210239608
-1.087641542738715,2.0,1.0,0.47583882399161914,0.18426578210239608
-2.8899981483033805,2.0,1.0,0.9851069180442482,0.18426578210239608
-2.309972753894248,2.0,1.0,0.5930468753210484,0.18426578210239608
-2.0637943278672144,0.0,1.0,0.47953141522174725,0.18426578210239608
0.7600901384484651,6.0,1.0,1.7354552044265081,0.18426578210239608
-1.6115253802712495,1.0,1.0,0.38492923269954793,0.18426578210239608
-0.697517789574988,4.0,1.0,0.6704120178574449,0.18426578210239608
1.791006425645251,3.0,1.0,1.9649470445017712,0.18426578210239608
1.0474453396123904,8.0,1.0,1.8771851992259783,0.18426578210239608
-0.11648559683066972,3.0,1.0,1.0912879058054572,0.18426578210239608
-2.6503697423256707,2.0,1.0,0.8069021414780497,0.18426578210239608
1.4034537611105264,15.0,1.0,1.973090483929405,0.18426578210239608
1.4431032684458671,5.0,1.0,1.9777524327564096,0.18426578210239608
1.441345045388645,6.0,1.0,1.9775720837823467,0.18426578210239608
-1.8684269549726196,1.0,1.0,0.4194385787986912,0.18426578210239608
1.705699134691197,5.0,1.0,1.976997308214247,0.18426578210239608
0.8092680330697406,3.0,1.0,1.7632916143713069,0.18426578210239608
-2.6168857194443373,1.0,1.0,0.7834982730999727,0.18426578210239608
-0.603443709642137,2.0,1.0,0.7302807133746069,0.18426578210239608
0.09765041900130011,2.0,1.0,1.2622620223831025,0.18426578210239608
0.8014175085085617,1.0,1.0,1.7589401481461504,0.18426578210239608
-0.27580381190715286,4.0,1.0,0.9664094157173349,0.18426578210239608
-2.0250284124326488,0.0,1.0,0.4653871959272249,0.18426578210239608
2.17108963640748,3.0,1.0,1.8444017535783193,0.18426578210239608
0.5234531445537125,4.0,1.0,1.5841648817137193,0.18426578210239608
-0.6130125332786793,1.0,1.0,0.7239985230544859,0.18426578210239608
1.769650777157783,11.0,1.0,1.9685005983491988,0.18426578210239608
0.8415117033348882,5.0,1.0,1.780786801718186,0.18426578210239608
-0.21007276257642982,2.0,1.0,1.0174409314276875,0.18426578210239608
0.9983705544548505,7.0,1.0,1.8567373620389005,0.18426578210239608
1.1188538112356605,2.0,1.0,1.9039461634690233,0.18426578210239608
-0.5888620067552761,0.0,1.0,0.739933735713906,0.18426578210239608
0.4311186672528562,4.0,1.0,1.5185756793790388,0.18426578210239608
2.94367694245871,6.0,1.0,1.3415667092061052,0.18426578210239608
2.1151252504710323,6.0,1.0,1.8686457791506734,0.18426578210239608
-1.4811660624114438,3.0,1.0,0.3874770651132228,0.18426578210239608
-3.0226560486018466,2.0,1.0,1.0893406684617624,0.18426578210239608
-0.6722883951916563,0.0,1.0,0.6860433395199248,0.18426578210239608
3.0626510016361284,2.0,1.0,1.2473535311195354,0.18426578210239608
-0.8163628577755526,5.0,1.0,0.6013380512613109,0.18426578210239608
0.9257570122744108,6.0,1.0,1.8235266865000548,0.18426578210239608
1.9622534749189882,5.0,1.0,1.923749051939898,0.18426578210239608
-2.21457458124746,5.0,1.0,0.5443988365962562,0.18426578210239608
-2.0968471831714304,2.0,1.0,0.4924283732626149,0.18426578210239608
-3.0749277498581638,1.0,1.0,1.130973353378848,0.18426578210239608
1.6366883327965311,6.0,1.0,1.9825297077911328,0.18426578210239608
2.553280598355008,6.0,1.0,1.628231901325925,0.18426578210239608
-0.5955131727284213,2.0,1.0,0.735518850981723,0.18426578210239608
-0.6416598232141646,5.0,1.0,0.7054450178867488,0.18426578210239608
-2.596330927918374,1.0,2.0,0.316489883246073,-0.26859661154561837
2.665137029437579,4.0,2.0,1.0983093389919913,-0.26859661154561837
0.6425506284642752,1.0,2.0,1.2107948643163386,-0.26859661154561837
-0.03033095335392577,2.0,2.0,0.7071423460625119,-0.26859661154561837
0.9023006897186354,4.0,2.0,1.3592073619641807,-0.26859661154561837
1.723455397645468,3.0,2.0,1.5220995614090935,-0.26859661154561837
-0.4161723104393964,0.0,2.0,0.4079934256532804,-0.26859661154561837
-3.0296859112765406,2.0,2.0,0.6420647338306245,-0.26859661154561837
0.6314796693610356,7.0,2.0,1.2036751693423426,-0.26859661154561837
2.311438949940216,6.0,2.0,1.3218314630624965,-0.26859661154561837
-2.6704609506832346,2.0,2.0,0.3682873999987975,-0.26859661154561837
-3.077685416996071,1.0,2.0,0.680312392843494,-0.26859661154561837
3.1306595516276055,1.0,2.0,0.74014969577672,-0.26859661154561837
-0.0793018715246605,2.0,2.0,0.668028365337807,-0.26859661154561837
-1.2251374672830582,2.0,2.0,-0.021278550958808318,-0.26859661154561837
-0.799621485941981,1.0,2.0,0.15772952746784114,-0.26859661154561837
-2.9574181090313725,0.0,2.0,0.584895307754431,-0.26859661154561837
-1.460995985706205,0.0,2.0,-0.06377900863458436,-0.26859661154561837
-1.182240340067719,0.0,2.0,-0.008962285534405423,-0.26859661154561837
0.7888876708466306,4.0,2.0,1.299059328825147,-0.26859661154561837
-2.577707652579443,0.0,2.0,0.30382437409466784,-0.26859661154561837
3.0039359215053842,2.0,2.0,0.8411813022827683,-0.26859661154561837
0.6702554659373319,4.0,2.0,1.2283523536602223,-0.26859661154561837
-0.8449902436655159,2.0,2.0,0.13303167921037978,-0.26859661154561837
-1.893770053255328,2.0,2.0,-0.027233241538945185,-0.26859661154561837
-1.9784853354314305,4.0,2.0,-0.003028256095372772,-0.26859661154561837
-0.7632548827983241,2.0,2.0,0.17838175013132201,-0.26859661154561837
-3.0166919239476147,2.0,2.0,0.6317423988914825,-0.26859661154561837
-1.778985830512968,0.0,2.0,-0.05132199350546157,-0.26859661154561837
-2.7401899548862847,2.0,2.0,0.41883544457878724,-0.26859661154561837
1.5751403131824766,8.0,2.0,1.531395840379157,-0.26859661154561837
1.6195961232879954,5.0,2.0,1.5304510094229982,-0.26859661154561837
0.018338913938277024,3.0,2.0,0.7460736972633837,-0.26859661154561837
-2.7834796120096468,2.0,2.0,0.45099730143375477,-0.26859661154561837
-0.04319674129042905,2.0,2.0,0.6968567415293698,-0.26859661154561837
-0.4841208881138206,1.0,2.0,0.3590590275471864,-0.26859661154561837
-0.11163763735223187,3.0,2.0,0.6422786744245119,-0.26859661154561837
1.4273861170684095,7.0,2.0,1.5231908828385798,-0.26859661154561837
-0.39158910292257554,2.0,2.0,0.426077220326565,-0.26859661154561837
-2.826375687630517,1.0,2.0,0.48338518494860067,-0.26859661154561837
-1.5593237630257384,3.0,2.0,-0.06854396423529935,-0.26859661154561837
-0.49054602322751917,1.0,2.0,0.3545173146736596,-0.26859661154561837
-0.03516689470754297,1.0,2.0,0.7032756711654307,-0.26859661154561837
-1.9213917927409958,4.0,2.0,-0.019931301426317993,-0.26859661154561837
-0.6670911722399886,2.0,2.0,0.2364406997621728,-0.26859661154561837
2.3391145072887616,5.0,2.0,1.3066677305114018,-0.26859661154561837
1.1231782143312712,4.0,2.0,1.4525878573069384,-0.26859661154561837
-2.1156721588404763,0.0,2.0,0.047250064372655276,-0.26859661154561837
-2.8321761375678842,3.0,2.0,0.4878010579215814,-0.26859661154561837
0.5608157781958019,4.0,2.0,1.156905143125939,-0.26859661154561837
2.7750348650660257,1.0,2.0,1.0181266109008156,-0.26859661154561837
-1.1279672229556672,3.0,2.0,0.00856897476209123,-0.26859661154561837
-2.8949658142565418,3.0,2.0,0.5360959799136982,-0.26859661154561837
-1.3339423955964613,0.0,2.0,-0.04626140787339644,-0.26859661154561837
-1.6965442651434595,1.0,2.0,-0.06227992410586819,-0.26859661154561837
-0.8158102746871805,1.0,2.0,0.14877850729887715,-0.26859661154561837
-2.691713887828466,2.0,2.0,0.3835182957375228,-0.26859661154561837
2.8060432503833317,2.0,2.0,0.9948337742797,-0.26859661154561837
0.5148449574645713,3.0,2.0,1.1253233170356587,-0.26859661154561837
0.2887147172703415,2.0,2.0,0.9591796884146484,-0.26859661154561837
2.902155973495563,7.0,3.0,1.0451480603915209,-0.1445762713881628
1.5049874549422535,7.0,3.0,1.65369203067227,-0.1445762713881628
0.1332091037275771,5.0,3.0,0.9616761243072292,-0.1445762713881628
0.8974805415943479,8.0,3.0,1.480830372352198,-0.1445762713881628
-2.7615872461223048,3.0,3.0,0.5586833357067298,-0.1445762713881628
0.4604331399361774,5.0,3.0,1.2108926737561387,-0.1445762713881628
-2.3647960257395453,3.0,3.0,0.29462493334292644,-0.1445762713881628
3.0770741699648054,2.0,3.0,0.9070027140466452,-0.1445762713881628
-0.11961614438614943,1.0,3.0,0.7599588459635005,-0.1445762713881628
-1.5688848848627437,0.0,3.0,0.05542519005549623,-0.1445762713881628
0.6331759943791186,5.0,3.0,1.3287901871086414,-0.1445762713881628
-0.10353136104929739,3.0,3.0,0.7727465239631977,-0.1445762713881628
2.1648856645829158,5.0,3.0,1.5183506002255562,-0.1445762713881628
-2.4518219513552544,2.0,3.0,0.3463354722103153,-0.1445762713881628
-1.2730143719623572,2.0,3.0,0.09063203600441355,-0.1445762713881628
-1.7166768318526235,0.0,3.0,0.06392109181416034,-0.1445762713881628
2.046321508836506,5.0,3.0,1.5666656590551629,-0.1445762713881628
0.9707100483468123,10.0,3.0,1.515653244901057,-0.1445762713881628
2.1323543614431912,6.0,3.0,1.5325649098145449,-0.1445762713881628
0.8942515630985097,5.0,3.0,1.479216289675201,-0.1445762713881628
0.5685450200827629,3.0,3.0,1.2861489517827185,-0.1445762713881628
0.6893150926809151,2.0,3.0,1.3642307693507292,-0.1445762713881628
-2.946949487724637,3.0,3.0,0.7006905675420434,-0.1445762713881628
-0.9728814387027938,2.0,3.0,0.19421479849199702,-0.1445762713881628
2.7419869606756455,0.0,3.0,1.1666678335467306,-0.1445762713881628
0.8597377285820507,8.0,3.0,1.4615608655180359,-0.1445762713881628
1.7160449873630848,7.0,3.0,1.6469996851810302,-0.1445762713881628
0.4288812007551197,1.0,3.0,1.188106601848632,-0.1445762713881628
-2.0315093278803227,2.0,3.0,0.1388351411663446,-0.1445762713881628
-1.6979223225468143,0.0,3.0,0.061879434867801064,-0.1445762713881628
3.102897166124537,0.0,3.0,0.8863723937850339,-0.1445762713881628
-1.7821077846763353,3.0,3.0,0.0732183787272887,-0.1445762713881628
0.1998825488959901,2.0,3.0,1.0142671042306028,-0.1445762713881628
-1.5991693739542332,1.0,3.0,0.055745718932026345,-0.1445762713881628
0.8185323633098149,5.0,3.0,1.439538760438507,-0.1445762713881628
2.064867397647384,1.0,3.0,1.5597514092942426,-0.1445762713881628
1.4750321621014706,3.0,3.0,1.651758221096499,-0.1445762713881628
-0.02579984557072823,2.0,3.0,0.8347861418395315,-0.1445762713881628
2.061477889020664,3.0,3.0,1.5610332429105327,-0.1445762713881628
0.338873143738748,2.0,3.0,1.1213633539207946,-0.1445762713881628
-2.5786101292487213,1.0,3.0,0.42845509613391025,-0.1445762713881628
2.624874262703498,3.0,3.0,1.2506474279619813,-0.1445762713881628
2.9925049501613117,3.0,3.0,0.9742525429692392,-0.1445762713881628
-2.184849835991123,2.0,3.0,0.20156839508889485,-0.1445762713881628
-0.6169046612173723,0.0,3.0,0.3926132073904914,-0.1445762713881628
2.5630082626013815,3.0,3.0,1.292895155824952,-0.1445762713881628
-1.4952039694039383,0.0,3.0,0.057708322213063046,-0.1445762713881628
-0.2692148633500202,2.0,3.0,0.6426439984504353,-0.1445762713881628
-2.651899857425802,1.0,3.0,0.47913988066851726,-0.1445762713881628
1.4411044551748118,6.0,3.0,1.6487051610930565,-0.1445762713881628
-0.21320372898687046,1.0,3.0,0.6861499920719261,-0.1445762713881628
2.1467676756477676,3.0,3.0,1.526354651257359,-0.1445762713881628
-0.4727374635996182,1.0,3.0,0.49116355167675824,-0.1445762713881628
-1.1130772843488081,1.0,3.0,0.13777349464364347,-0.1445762713881628
-3.1264299159463116,1.0,3.0,0.8432940032975726,-0.1445762713881628
1.8303990841733357,3.0,3.0,1.6286173488000157,-0.1445762713881628
-2.2055957198749594,1.0,3.0,0.2112711879818447,-0.1445762713881628
2.6335919646081702,3.0,3.0,1.244568836334562,-0.1445762713881628
-2.6940588520749666,0.0,3.0,0.5092289027529275,-0.1445762713881628
1.1848506995814105,2.0,3.0,1.5965780321394898,-0.1445762713881628
-1.6991883551832032,4.0,4.0,0.7505192721221031,0.5439345199371378
0.9089010605234424,9.0,4.0,2.1749975548682428,0.5439345199371378
-0.9932423270329709,2.0,4.0,0.8736940295241177,0.5439345199371378
-1.6296141604323324,2.0,4.0,0.7453179360579915,0.5439345199371378
0.08166032870498618,6.0,4.0,1.6091902011730421,0.5439345199371378
-0.6157126463601186,3.0,4.0,1.0819021628558279,0.5439345199371378
1.697162112323955,12.0,4.0,2.337555690279361,0.5439345199371378
0.011951440636361887,4.0,4.0,1.553495444833569,0.5439345199371378
-0.10055239146852069,5.0,4.0,1.463628093377524,0.5439345199371378
0.39576484585071503,7.0,4.0,1.852345740959207,0.5439345199371378
-0.5834946911850039,4.0,4.0,1.1031795095188355,0.5439345199371378
-2.1801464245346462,2.0,4.0,0.8879183978748616,0.5439345199371378
-0.6334606835460685,4.0,4.0,1.070384478360531,0.5439345199371378
-0.20543597036627936,5.0,4.0,1.380739334240125,0.5439345199371378
-1.8531578946443057,1.0,4.0,0.7756144188174607,0.5439345199371378
-2.5553458938149296,4.0,4.0,1.1013438066720211,0.5439345199371378
-2.2121186777845847,5.0,4.0,0.9028902360535944,0.5439345199371378
0.3962825901122935,6.0,4.0,1.8527278785282721,0.5439345199371378
-0.7662655070691318,3.0,4.0,0.9891750333444466,0.5439345199371378
-1.4535007532579363,2.0,4.0,0.7494315138090876,0.5439345199371378
-0.2094261924982157,5.0,4.0,1.3776155886708867,0.5439345199371378
2.403649066089497,13.0,4.0,2.082148832736241,0.5439345199371378
1.5052345722718776,12.0,4.0,2.342215798245057,0.5439345199371378
3.1000846211989552,12.0,4.0,1.577131411353284,0.5439345199371378
1.3763286811378244,8.0,4.0,2.3288550663260117,0.5439345199371378
-0.30452686153019437,2.0,4.0,1.3040610479957646,0.5439345199371378
1.426166582667979,11.0,4.0,2.3355819897103367,0.5439345199371378
-3.0936986784781766,6.0,4.0,1.5056339862710577,0.5439345199371378
-2.8743394142930554,1.0,4.0,1.332667971305479,0.5439345199371378
-0.9053660763294382,1.0,4.0,0.9146135420792844,0.5439345199371378
-1.6148188930178606,2.0,4.0,0.7447095892869323,0.5439345199371378
2.7237866093089123,6.0,4.0,1.8685394772161992,0.5439345199371378
2.6450813830471285,8.0,4.0,1.925023303203456,0.5439345199371378
3.087196521242822,10.0,4.0,1.5874299683429811,0.5439345199371378
-0.4755869071304275,3.0,4.0,1.1776462794403735,0.5439345199371378
-2.0260398955509973,3.0,4.0,0.8254113501407433,0.5439345199371378
-0.7229152571380397,3.0,4.0,1.014675660798677,0.5439345199371378
-2.3651417630224674,3.0,4.0,0.9833330117434471,0.5439345199371378
-2.127344121609754,7.0,4.0,0.8646674619787953,0.5439345199371378
-3.135674795456733,10.0,4.0,1.5392002610639182,0.5439345199371378
0.2496099656527213,5.0,4.0,1.7415553449945356,0.5439345199371378
2.903034915982147,2.0,4.0,1.7329756843022381,0.5439345199371378
1.7522735661197943,13.0,4.0,2.3307970398321363,0.5439345199371378
1.4651472475626255,5.0,4.0,2.339473980021001,0.5439345199371378
1.731034001431948,12.0,4.0,2.333686031613294,0.5439345199371378
1.3355298319115283,16.0,4.0,2.3218963242054245,0.5439345199371378
-2.2373230322333724,3.0,4.0,0.9151554792360582,0.5439345199371378
0.6658733274453259,2.0,4.0,2.03813142661764,0.5439345199371378
1.2233570836270653,8.0,4.0,2.2961326878057595,0.5439345199371378
3.0290743994949914,2.0,4.0,1.6337593072333876,0.5439345199371378
0.37300295411265516,6.0,4.0,1.835465346752625,0.5439345199371378
0.8140481754891584,10.0,4.0,2.125592474098179,0.5439345199371378
-2.5809866664671532,3.0,4.0,1.118574899101037,0.5439345199371378
-2.3396664606146715,2.0,4.0,0.9689771192450439,0.5439345199371378
-2.89767442812005,3.0,4.0,1.3507291493609945,0.5439345199371378
0.7714640227835137,7.0,4.0,2.1016829437721083,0.5439345199371378
2.5797872243715787,4.0,4.0,1.9701065123389632,0.5439345199371378
-0.42376896446316126,1.0,4.0,1.2149753611006773,0.5439345199371378
-3.102489550304442,2.0,4.0,1.5126600087934086,0.5439345199371378
-2.968645231249424,4.0,4.0,1.4062652842946886,0.5439345199371378
0.07421500010379578,4.0,5.0,0.7422286032492984,-0.31708890966882336
-0.7864357419460357,1.0,5.0,0.11663902692481481,-0.31708890966882336
2.60999201328634,3.0,5.0,1.0884420797597738,-0.31708890966882336
1.1757206310630286,3.0,5.0,1.4212850370362577,-0.31708890966882336
-3.0131377038703624,2.0,5.0,0.5804295099174714,-0.31708890966882336
-1.8828579361998297,0.0,5.0,-0.0784510174752569,-0.31708890966882336
-1.7274650434817138,0.0,5.0,-0.1072909405730374,-0.31708890966882336
-2.4587324778929434,0.0,5.0,0.17809953542959717,-0.31708890966882336
2.9197098169052937,1.0,5.0,0.8589644428857055,-0.31708890966882336
-2.581183422425397,1.0,5.0,0.257684789028847,-0.31708890966882336
2.9543641173508277,4.0,5.0,0.8318203575284453,-0.31708890966882336
-1.4328712786176159,0.0,5.0,-0.10949163734508421,-0.31708890966882336
2.5587798294502377,1.0,5.0,1.123210760768878,-0.31708890966882336
2.8031609508920354,3.0,5.0,0.9485176207577344,-0.31708890966882336
-2.771503694023388,2.0,5.0,0.39355239435486583,-0.31708890966882336
0.1841666404035016,0.0,5.0,0.8294129546442164,-0.31708890966882336
-3.087985006263602,2.0,5.0,0.6400455103958331,-0.31708890966882336
-2.4202503200233707,1.0,5.0,0.15459648899124373,-0.31708890966882336
2.251946723790831,1.0,5.0,1.3043901645548739,-0.31708890966882336
2.8422391871203416,4.0,5.0,0.9188330806244924,-0.31708890966882336
-0.7769229662867825,0.0,5.0,0.12204021964432704,-0.31708890966882336
-1.9581598935798414,2.0,5.0,-0.057815458183916923,-0.31708890966882336
2.854055506593383,1.0,5.0,0.9097841674846159,-0.31708890966882336
0.013978147736130264,1.0,5.0,0.6940932443675165,-0.31708890966882336
-0.30329902507886164,1.0,5.0,0.4439748728708936,-0.31708890966882336
1.5219568399749113,3.0,5.0,1.481957161781445,-0.31708890966882336
-1.7646015294634991,2.0,5.0,-0.10211169446141971,-0.31708890966882336
-0.48575110984519165,1.0,5.0,0.3094129175785239,-0.31708890966882336
-0.5971489773538181,1.0,5.0,0.23308138532694073,-0.31708890966882336
1.337738493455455,5.0,5.0,1.4612828717431523,-0.31708890966882336
-2.3728312328902796,2.0,5.0,0.12671467785383345,-0.31708890966882336
0.21144289116919168,1.0,5.0,0.8508077899524147,-0.31708890966882336
1.4437531139142097,5.0,5.0,1.4764637777815592,-0.31708890966882336
-1.3646597469425519,0.0,5.0,-0.10015209515251516,-0.31708890966882336
0.3951213705315384,3.0,5.0,0.9908472587770385,-0.31708890966882336
-2.6439397973821803,2.0,5.0,0.3010195643824863,-0.31708890966882336
0.010190660258311723,2.0,5.0,0.6910634774324855,-0.31708890966882336
-2.601777800174625,1.0,5.0,0.27172934552414846,-0.31708890966882336
-1.2230907706916305,2.0,5.0,-0.06921450909972354,-0.31708890966882336
-1.730423356132656,2.0,5.0,-0.1069182182497101,-0.31708890966882336
-0.21830607760835985,0.0,5.0,0.5096501173399492,-0.31708890966882336
0.8454189989361831,2.0,5.0,1.2815104097001302,-0.31708890966882336
-0.36901383788308584,2.0,5.0,0.3943544260376917,-0.31708890966882336
-3.0263328314514406,2.0,5.0,0.5909072579514045,-0.31708890966882336
1.8523043251455498,2.0,5.0,1.451421171817819,-0.31708890966882336
1.459035664411898,4.0,5.0,1.4779201102784016,-0.31708890966882336
-3.0486317301270978,1.0,5.0,0.60864941775628,-0.31708890966882336
-2.6303266288740628,1.0,5.0,0.2914856731510063,-0.31708890966882336
-1.9974730210434104,5.0,5.0,-0.04536580310220856,-0.31708890966882336
-1.337889571453756,0.0,5.0,-0.09548859582342167,-0.31708890966882336
-1.9922600478744386,1.0,5.0,-0.047081801523172595,-0.31708890966882336
-2.242057493538108,1.0,5.0,0.05648078964059616,-0.31708890966882336
-2.1719881743464837,0.0,5.0,0.02318144143135864,-0.31708890966882336
0.4164631284017912,2.0,5.0,1.0065338351504454,-0.31708890966882336
-1.7376068178886137,0.0,5.0,-0.10598439882670879,-0.31708890966882336
-0.5093327659683031,1.0,5.0,0.2928352395943115,-0.31708890966882336
2.750744867813669,4.0,5.0,0.9876890128479339,-0.31708890966882336
1.4850579706913773,2.0,5.0,1.4799724648791597,-0.31708890966882336
2.29159260285436,1.0,5.0,1.2839354412310349,-0.31708890966882336
2.993729422538718,1.0,5.0,0.8007711044060661,-0.31708890966882336
-0.4981099849193664,2.0,6.0,0.04647785996146481,-0.5713093088194748
-2.1626707812428356,1.0,6.0,-0.2352263860428162,-0.5713093088194748
-1.401597868253572,0.0,6.0,-0.35988535438605374,-0.5713093088194748
0.11094174288573555,3.0,6.0,0.5172621336627096,-0.5713093088194748
2.4661481227601634,5.0,6.0,0.9288861338066915,-0.5713093088194748
1.1552199237646779,6.0,6.0,1.1605977060529624,-0.5713093088194748
1.2836990374603836,3.0,6.0,1.195946590358004,-0.5713093088194748
3.070798342059237,1.0,6.0,0.48527884434171165,-0.5713093088194748
-0.3603083331565773,0.0,6.0,0.14664046354280158,-0.5713093088194748
0.6447703762314889,1.0,6.0,0.9095026354733525,-0.5713093088194748
-2.0581154762237355,0.0,6.0,-0.2781824001286516,-0.5713093088194748
0.32745700164463276,2.0,6.0,0.6859996504584375,-0.5713093088194748
0.7543229376966742,4.0,6.0,0.9765270323116598,-0.5713093088194748
1.7958929185536627,4.0,6.0,1.2085087330090594,-0.5713093088194748
-0.313151941149032,2.0,6.0,0.182243638778129,-0.5713093088194748
-2.934246721920022,1.0,6.0,0.26399996492991507,-0.5713093088194748
-0.29896432461071676,0.0,6.0,0.19306618729492508,-0.5713093088194748
-0.33831718721217463,2.0,6.0,0.16317057830965942,-0.5713093088194748
0.30170077189900724,3.0,6.0,0.666406361515197,-0.5713093088194748
-2.535394098978889,1.0,6.0,-0.027107293764858098,-0.5713093088194748
0.2359873138314441,1.0,6.0,0.6157331301649752,-0.5713093088194748
0.8585619717524251,6.0,6.0,1.0342135360836422,-0.5713093088194748
2.0804164649128687,2.0,6.0,1.1270345988626858,-0.5713093088194748
-0.40766118849075017,1.0,6.0,0.11152007758027116,-0.5713093088194748
1.0568959775565556,4.0,6.0,1.1253577410349505,-0.5713093088194748
0.785708375530414,3.0,6.0,0.9945515713908123,-0.5713093088194748
0.2845120856166261,2.0,6.0,0.6532420392798329,-0.5713093088194748
-1.9596793052466641,1.0,6.0,-0.31157583793903265,-0.5713093088194748
1.3170282901230177,0.0,6.0,1.2030693458810182,-0.5713093088194748
-3.117285861358161,0.0,6.0,0.4092471721310018,-0.5713093088194748
-0.43610935939745676,2.0,6.0,0.09075774185756025,-0.5713093088194748
2.9089804724725274,0.0,6.0,0.6131067998313363,-0.5713093088194748
-2.6729915473267503,1.0,6.0,0.06737978448926774,-0.5713093088194748
0.03950114806027827,3.0,6.0,0.4602833922366786,-0.5713093088194748
-2.8969711983252733,0.0,6.0,0.23493943754725144,-0.5713093088194748
0.3358789046572217,2.0,6.0,0.6923699627035588,-0.5713093088194748
-0.6337013820728927,2.0,6.0,-0.04501453597329885,-0.5713093088194748
-0.8325303833460085,1.0,6.0,-0.16301866981513813,-0.5713093088194748
-2.8686719671627117,1.0,6.0,0.21305455710106935,-0.5713093088194748
0.3990176109433321,2.0,6.0,0.7395013426218374,-0.5713093088194748
1.8578113501524625,4.0,6.0,1.195965223935446,-0.5713093088194748
1.9604886400726214,2.0,6.0,1.168711487181866,-0.5713093088194748
-2.9703519421483966,1.0,6.0,0.2923666553138283,-0.5713093088194748
-2.735702536565995,1.0,6.0,0.11282132089178987,-0.5713093088194748
2.0593299168687462,8.0,6.0,1.1351083233173886,-0.5713093088194748
1.080568589834857,6.0,6.0,1.1344712166375253,-0.5713093088194748
0.825055986871237,1.0,6.0,1.0163593082819564,-0.5713093088194748
0.9071648252755882,5.0,6.0,1.0588990851696525,-0.5713093088194748
2.0434801407312557,3.0,6.0,1.1409703841505663,-0.5713093088194748
-2.2095904773706776,0.0,6.0,-0.21356155068837945,-0.5713093088194748
2.905718572168764,1.0,6.0,0.6156450537192996,-0.5713093088194748
2.5765598106095977,7.0,6.0,0.8570455348037965,-0.5713093088194748
1.4283701173938912,8.0,6.0,1.2205903082047884,-0.5713093088194748
-1.7016839292625539,2.0,6.0,-0.3644664604593958,-0.5713093088194748
-0.5319451254842789,3.0,6.0,0.022922169723157526,-0.5713093088194748
-3.0969418123712127,0.0,6.0,0.392981886392645,-0.5713093088194748
2.54095856022904,4.0,6.0,0.880823250924235,-0.5713093088194748
-0.6686564826957055,1.0,6.0,-0.06725518796345564,-0.5713093088194748
-0.9149243742054911,1.0,6.0,-0.205322483788844,-0.5713093088194748
2.4329024554546184,3.0,6.0,0.9493626178760896,-0.5713093088194748
-3.079958942845776,5.0,7.0,1.166297292572399,0.21557304991521797
-1.4008547736323695,1.0,7.0,0.4270973271956825,0.21557304991521797
2.7038867788760346,0.0,7.0,1.5546632358006445,0.21557304991521797
1.1379548091280567,7.0,7.0,1.941795078655687,0.21557304991521797
-1.6329748871276684,2.0,7.0,0.41711902108222954,0.21557304991521797
0.10094056416366604,1.0,7.0,1.2961884400032506,0.21557304991521797
-1.3073685933987784,2.0,7.0,0.44317057068130117,0.21557304991521797
-0.53515984911167,1.0,7.0,0.8075902130427101,0.21557304991521797
-0.2687804056988923,3.0,7.0,1.0031283866208798,0.21557304991521797
-1.9137345001667798,3.0,7.0,0.46215644614620754,0.21557304991521797
-0.29556897994835873,2.0,7.0,0.9825456865024161,0.21557304991521797
-2.4831353189784315,4.0,7.0,0.7260551065301528,0.21557304991521797
-0.3473353390282963,3.0,7.0,0.9432582633122961,0.21557304991521797
0.19295684690693182,3.0,7.0,1.3689824109871487,0.21557304991521797
0.5568928221118878,7.0,7.0,1.6384139024187667,0.21557304991521797
-0.039328010674979375,2.0,7.0,1.1841187511928593,0.21557304991521797
1.005752345792069,3.0,7.0,1.8912250911008075,0.21557304991521797
2.442634234878902,6.0,7.0,1.730309604008977,0.21557304991521797
-2.57985983583603,4.0,7.0,0.789450219195523,0.21557304991521797
-2.843519902929859,2.0,7.0,0.9806302600278592,0.21557304991521797
2.901013664632374,4.0,7.0,1.4061850343270277,0.21557304991521797
-2.92113423097673,5.0,7.0,1.0406314710405096,0.21557304991521797
1.3775850432193675,7.0,7.0,2.0006872045669004,0.21557304991521797
-2.7599995410480576,2.0,7.0,0.9176534776225864,0.21557304991521797
2.6514182121341046,7.0,7.0,1.5921968870657015,0.21557304991521797
1.751084356213183,9.0,7.0,2.0026067188709327,0.21557304991521797
2.6650345859080646,4.0,7.0,1.5825518257199847,0.21557304991521797
-0.17365369852821066,3.0,7.0,1.0773472567811662,0.21557304991521797
1.2047768728502382,6.0,7.0,1.9625805558755494,0.21557304991521797
-0.6979311928978866,2.0,7.0,0.7014658508720489,0.21557304991521797
2.322889784691939,8.0,7.0,1.7997812775426139,0.21557304991521797
3.016376689388646,6.0,7.0,1.3154842576373758,0.21557304991521797
2.924092923781628,4.0,7.0,1.3882041988797051,0.21557304991521797
-0.5126440377520796,5.0,7.0,0.8231865641444146,0.21557304991521797
1.7292723713475766,5.0,7.0,2.0055481945092417,0.21557304991521797
-1.5045834416539299,2.0,7.0,0.41732606778106507,0.21557304991521797
1.2159158808428554,9.0,7.0,1.9657234802779981,0.21557304991521797
-2.4463978367134227,2.0,7.0,0.7031450041545803,0.21557304991521797
2.7710698216939376,6.0,7.0,1.5052553163088584,0.21557304991521797
-3.0823446782233734,4.0,7.0,1.1682023953561274,0.21557304991521797
0.47675436052352316,3.0,7.0,1.5826913560190234,0.21557304991521797
-0.6779842598632757,1.0,7.0,0.7137935594484891,0.21557304991521797
-0.5153401949873091,3.0,7.0,0.8213083381145467,0.21557304991521797
1.5801886326358776,9.0,7.0,2.015537764011012,0.21557304991521797
-1.8043785836607769,2.0,7.0,0.43729826960202833,0.21557304991521797
-1.064276569201383,1.0,7.0,0.5160224947159466,0.21557304991521797
0.22280525252328065,7.0,7.0,1.3923461695955115,0.21557304991521797
1.0424831236377985,4.0,7.0,1.9064999096665793,0.21557304991521797
0.6831303901624182,3.0,7.0,1.7205522860398303,0.21557304991521797
-2.88177571598056,2.0,7.0,1.0100501395746484,0.21557304991521797
-3.0941117578953987,1.0,7.0,1.1776026040996155,0.21557304991521797
-2.0007309656434513,2.0,7.0,0.48837865400407465,0.21557304991521797
-3.0318335143860127,1.0,7.0,1.127941935836823,0.21557304991521797
0.9215233707278481,9.0,7.0,1.8527919180854442,0.21557304991521797
-0.21695626566544401,2.0,7.0,1.043366454539107,0.21557304991521797
0.48898448702089237,4.0,7.0,1.5913567500632106,0.21557304991521797
0.057588772850512004,2.0,7.0,1.2616186069179594,0.21557304991521797
0.5012287450177744,4.0,7.0,1.5999758512046103,0.21557304991521797
2.1009261878332444,8.0,7.0,1.9057661812393747,0.21557304991521797
0.0384111366191866,4.0,7.0,1.2462944034502326,0.21557304991521797
1.330043312191652,0.0,8.0,1.5872834191678575,-0.1896435455766715
-0.5116809653958372,1.0,8.0,0.41864156658235385,-0.1896435455766715
-1.5319280985211738,2.0,8.0,0.010960674017053473,-0.1896435455766715
-2.9865803884009843,2.0,8.0,0.6868426804813274,-0.1896435455766715
-1.831180741131621,0.0,8.0,0.037323589396715096,-0.1896435455766715
2.4192748960223067,3.0,8.0,1.339256776601621,-0.1896435455766715
1.3380346920967536,1.0,8.0,1.5887829282423653,-0.1896435455766715
0.46961747649804453,1.0,8.0,1.1723926195668763,-0.1896435455766715
-1.6582268891070473,2.0,8.0,0.013412148466235618,-0.1896435455766715
-0.6367109506109285,0.0,8.0,0.33471318772315495,-0.1896435455766715
-2.7916856919982997,1.0,8.0,0.536108127839894,-0.1896435455766715
-1.7361720221385724,0.0,8.0,0.021271192905834235,-0.1896435455766715
0.05870829371764952,3.0,8.0,0.8572961143468504,-0.1896435455766715
-2.4546138827748756,2.0,8.0,0.30299311866385437,-0.1896435455766715
1.3128253193185895,2.0,8.0,1.5838841368815615,-0.1896435455766715
0.5855254874309668,3.0,8.0,1.2524663834560434,-0.1896435455766715
0.6131261335556006,3.0,8.0,1.270698043117393,-0.1896435455766715
-0.30888683165884645,2.0,8.0,0.5671577823621814,-0.1896435455766715
0.4831170803994884,1.0,8.0,1.1819898641730182,-0.1896435455766715
0.9764781799511004,6.0,8.0,1.4731808471916281,-0.1896435455766715
2.4493934530275983,11.0,8.0,1.3209418674029139,-0.1896435455766715
1.3478754138839077,6.0,8.0,1.5905611403981141,-0.1896435455766715
-1.6357641329488628,1.0,8.0,0.012044186998578454,-0.1896435455766715
0.49560744828017445,4.0,8.0,1.1908093336838905,-0.1896435455766715
0.6827796711335128,1.0,8.0,1.3151180451993483,-0.1896435455766715
-1.2628475451802414,1.0,8.0,0.047990608134495405,-0.1896435455766715
1.9688830326168105,3.0,8.0,1.5477999580509199,-0.1896435455766715
-2.5791687730699886,3.0,8.0,0.383765829897015,-0.1896435455766715
-1.288606591595588,1.0,8.0,0.04199806322139987,-0.1896435455766715
-1.7021779552624092,2.0,8.0,0.0172509814991334,-0.1896435455766715
-0.08112149093193466,2.0,8.0,0.7455304163806371,-0.1896435455766715
-2.4759883340555833,1.0,8.0,0.31632879905648836,-0.1896435455766715
-2.6619586563753432,2.0,8.0,0.4411928528179613,-0.1896435455766715
-0.43284321153327543,2.0,8.0,0.47479365771107485,-0.1896435455766715
-2.449216895863097,2.0,8.0,0.2996623121841181,-0.1896435455766715
-0.04547228419978522,1.0,8.0,0.7739911623466422,-0.1896435455766715
1.8765022850591553,4.0,8.0,1.5732642307824336,-0.1896435455766715
-1.1504314807195457,1.0,8.0,0.08000436662910515,-0.1896435455766715
1.5214315042597608,9.0,8.0,1.6093818980727441,-0.1896435455766715
1.1792825434878935,2.0,8.0,1.5498224363977156,-0.1896435455766715
2.5454869529756143,1.0,8.0,1.2594957312107868,-0.1896435455766715
2.1234479740972647,3.0,8.0,1.4912648899076686,-0.1896435455766715
-1.777809229585262,2.0,8.0,0.027437062084143427,-0.1896435455766715
-0.03804309599307487,0.0,8.0,0.7799293182848036,-0.1896435455766715
-2.0105968332364874,0.0,8.0,0.08648716050697303,-0.1896435455766715
-2.446138037785283,1.0,8.0,0.2977688202675941,-0.1896435455766715
-0.5021291026478139,2.0,8.0,0.4253221232933603,-0.1896435455766715
0.610804741350158,4.0,8.0,1.2691779577712277,-0.1896435455766715
-0.42000769364838053,4.0,8.0,0.48414247199712934,-0.1896435455766715
2.783333380766888,3.0,8.0,1.0908721018981185,-0.1896435455766715
-1.8826327059178836,1.0,8.0,0.04893904552884498,-0.1896435455766715
-0.8526181376194737,2.0,8.0,0.2079518504312593,-0.1896435455766715
0.7862089862374786,4.0,8.0,1.3765003640348152,-0.1896435455766715
0.9453696034769772,1.0,8.0,1.4589271512456587,-0.1896435455766715
2.9580655126205357,3.0,8.0,0.9563553408227295,-0.1896435455766715
1.2650754970321039,8.0,8.0,1.5732606500400599,-0.1896435455766715
0.002451211411700349,1.0,8.0,0.8123174215889627,-0.1896435455766715
-0.6057054176886059,2.0,8.0,0.3548827406414464,-0.1896435455766715
0.8818497031759973,6.0,8.0,1.4278893345982144,-0.1896435455766715
-1.7635670710105864,0.0,8.0,0.025174705092462113,-0.1896435455766715
