x,y,subject,mu_true,re_true
-2.625677204447206,0.9397954205813498,1,1.0728135581880942,-0.31120892312408305
-2.5007657163860455,1.4951521486932318,1,0.8587551227175602,-0.31120892312408305
-2.49127968229588,0.6093366204026457,1,0.8411691319940715,-0.31120892312408305
-2.357563514121898,0.7091197888448575,1,0.5768697658861831,-0.31120892312408305
-2.3390607518388538,-0.26654009963589886,1,0.5382231039474618,-0.31120892312408305
-2.30012153624257,0.4099649487210936,1,0.455572815872798,-0.31120892312408305
-2.153129743312028,-0.5424140372504627,1,0.13198204752655596,-0.31120892312408305
-2.141086796718229,-0.38061161493324674,1,0.10497044525504073,-0.31120892312408305
-2.1222739659979863,-0.11560418915856827,1,0.06270916206597411,-0.31120892312408305
-2.1177760249006496,-0.5078582156410151,1,0.052596291837316136,-0.31120892312408305
-2.0579504406113505,-0.24409300208255383,1,-0.08195965230684542,-0.31120892312408305
-2.057008114805133,0.7816138635066848,1,-0.08407663544199347,-0.31120892312408305
-1.85326497081431,-0.2668714403234105,1,-0.5307903842755108,-0.31120892312408305
-1.76911447185387,-0.025107812804226026,1,-0.7031856817998307,-0.31120892312408305
-1.7602013881121255,-0.9902810610866147,1,-0.7208365830072518,-0.31120892312408305
-1.7032318526007135,-0.921231569193551,1,-0.8304798961483464,-0.31120892312408305
-1.6377008377884592,-0.5975004366569023,1,-0.9490576042914339,-0.31120892312408305
-1.5618145936483345,-1.2238696285045891,1,-1.0748533301648098,-0.31120892312408305
-1.5578646230831132,-1.622015009315742,1,-1.081033557718965,-0.31120892312408305
-1.482580148907673,-1.8780256513766718,1,-1.1913296400488773,-0.31120892312408305
-1.4641547563140844,-1.7622309175623276,1,-1.2160620789269494,-0.31120892312408305
-1.441395953331493,-1.1567809970617344,1,-1.2453270658495235,-0.31120892312408305
-1.4105119026677606,-1.6598960496287394,1,-1.282713076867521,-0.31120892312408305
-1.4021624988001893,-0.9557970464718184,1,-1.2923508518685858,-0.31120892312408305
-1.386616906639938,-2.066933864533198,1,-1.3097540441384616,-0.31120892312408305
-1.3635099624084643,-1.8908225763897648,1,-1.334303427025795,-0.31120892312408305
-1.3537391896538968,-1.37443731133017,1,-1.3442036112334552,-0.31120892312408305
-1.3511243325638893,-1.2194423751784624,1,-1.3468042129008284,-0.31120892312408305
-1.3358966376661017,-1.4584396890976885,1,-1.3615359643602007,-0.31120892312408305
-1.3316763452965694,-1.5634557601308043,1,-1.3654934139138986,-0.31120892312408305
-1.3281235945755938,-1.634795426357164,1,-1.3687824806843665,-0.31120892312408305
-1.3047932880896846,-1.822507062474993,1,-1.389411227460296,-0.31120892312408305
-1.2988957997885333,-1.7276700096890045,1,-1.3943573566955112,-0.31120892312408305
-1.280323285837451,-1.5782373586010172,1,-1.4092191675082248,-0.31120892312408305
-1.2775762105636783,-1.9177573844574993,1,-1.4113248132094527,-0.31120892312408305
-1.2710739466405225,-1.8351691961791103,1,-1.4162132748089038,-0.31120892312408305
-1.2652754121208991,-0.8514335260460927,1,-1.4204590405701525,-0.31120892312408305
-1.2633194860366586,-2.4026806618425907,1,-1.4218669747862434,-0.31120892312408305
-1.2607326669344865,-1.2608977607057368,1,-1.4237102454120794,-0.31120892312408305
-1.2425105499408489,-1.893274637270145,1,-1.436085775967165,-0.31120892312408305
-1.2387300296423769,-1.41180943005933,2,-1.4385192242268956,-0.09281967445804483
-1.236152831596048,-1.2835065249845758,2,-1.4401516052833545,-0.09281967445804483
-1.2164103584098345,-1.798057498914062,2,-1.4519407045201351,-0.09281967445804483
-1.1957923611509957,-1.5602691745239057,2,-1.4628933023897939,-0.09281967445804483
-1.1942754982151003,-1.7845123990742364,2,-1.463643949944069,-0.09281967445804483
-1.182873770042505,-1.790352541566004,2,-1.469043506822358,-0.09281967445804483
-1.1750573092789203,-1.1871639938491174,2,-1.4724970107397033,-0.09281967445804483
-1.1646211580037258,-2.1942869833128165,2,-1.476792330085581,-0.09281967445804483
-1.1374555237288246,-1.4291784929148852,2,-1.486273764170222,-0.09281967445804483
-1.1367446815834692,-2.220899090768218,2,-1.4864887955440556,-0.09281967445804483
-1.1334994752213372,-1.9217937450546712,2,-1.487449004935213,-0.09281967445804483
-1.123776213650162,-2.4117042748701616,2,-1.4901148844203727,-0.09281967445804483
-1.1170706930554144,-1.1695397187690701,2,-1.491768732311109,-0.09281967445804483
-1.1144102674704983,-1.6089374329661847,2,-1.4923830907869435,-0.09281967445804483
-1.0913797215845698,-1.6626578978599225,2,-1.4967070972027021,-0.09281967445804483
-1.0880489877972077,-1.083894059942324,2,-1.4971847138049479,-0.09281967445804483
-1.0571422225702074,-1.3083495761433852,2,-1.499833115269863,-0.09281967445804483
-1.054382039584407,-1.2084257476463491,2,-1.499912897369145,-0.09281967445804483
-1.0395400041637837,-1.4734038546761377,2,-1.4999010494181126,-0.09281967445804483
-1.0297896492631848,-1.634271636015865,2,-1.4994886574085937,-0.09281967445804483
-1.028105874453919,-1.158086141197962,2,-1.4993849615809176,-0.09281967445804483
-1.019604072791444,-1.613264777373265,2,-1.498715320834521,-0.09281967445804483
-1.0018213168803949,-2.047579843584611,2,-1.4965267742383837,-0.09281967445804483
-1.0005265331136288,-1.3580835318998612,2,-1.4963258155595414,-0.09281967445804483
-0.9983703156438102,-1.9502314111133197,2,-1.4959786311614223,-0.09281967445804483
-0.9892444775399942,-1.013712502614863,2,-1.4943360002530084,-0.09281967445804483
-0.9800261397769907,-1.2219953107136599,2,-1.492392441771192,-0.09281967445804483
-0.9718282362776172,-1.4468719198652302,2,-1.4904243050913957,-0.09281967445804483
-0.9603005207229267,-1.8631568640190228,2,-1.4872755599949095,-0.09281967445804483
-0.9590188712705323,-1.354572684454231,2,-1.4868979963492726,-0.09281967445804483
-0.9577283673187714,-1.782528594644309,2,-1.486512271727067,-0.09281967445804483
-0.9562452457439039,-1.0926439122345197,2,-1.4860620955140362,-0.09281967445804483
-0.9442116643254375,-1.7245841030324676,2,-1.482137782228215,-0.09281967445804483
-0.9440847931346515,-2.3145091879704998,2,-1.482093833014221,-0.09281967445804483
-0.9139995958355422,-1.4303083844768967,2,-1.470160351215891,-0.09281967445804483
-0.9075673473480509,-1.6025911715078547,2,-1.4672195936373138,-0.09281967445804483
-0.9054386656684326,-1.3644913417353455,2,-1.4662162886782015,-0.09281967445804483
-0.9014281091720939,-0.9662617197005628,2,-1.4642854003873906,-0.09281967445804483
-0.8988660746320258,-0.9328414193741171,2,-1.463024161133339,-0.09281967445804483
-0.8547520588371934,-1.4385950274186072,2,-1.4379357686821546,-0.09281967445804483
-0.8533861640337193,-0.8625814338548701,3,-1.437057867493599,0.2662437758208089
-0.8505355358339908,-0.8747222930538163,3,-1.4352062561653411,0.2662437758208089
-0.8451515729509305,-0.279426565924468,3,-1.4316375746017218,0.2662437758208089
-0.8411464802008028,-1.2066821132566603,3,-1.4289222795050796,0.2662437758208089
-0.8388569330504164,-1.3305013938433516,3,-1.4273468828149505,0.2662437758208089
-0.830804874379454,-1.4127497494549968,3,-1.4216728161409213,0.2662437758208089
-0.8300826709690018,-1.2491371804955427,3,-1.4211537516946162,0.2662437758208089
-0.8216472436897511,-0.6017145060462399,3,-1.4149676708143712,0.2662437758208089
-0.8199369589331992,-0.6329421477190443,3,-1.4136857874954023,0.2662437758208089
-0.8196390817546256,-2.1089360382273528,3,-1.4134615726241369,0.2662437758208089
-0.8173860855510662,-1.6764895348996185,3,-1.411756586267285,0.2662437758208089
-0.8137286131200476,-0.7171067696296236,3,-1.4089544183417233,0.2662437758208089
-0.8108174216259433,-1.3252245836920946,3,-1.4066936977626932,0.2662437758208089
-0.8054539924673206,-1.2371942465418846,3,-1.4024584616163691,0.2662437758208089
-0.7998423180129328,-1.4246179224673519,3,-1.3979300309419582,0.2662437758208089
-0.7996321928138022,-1.6598586690210833,3,-1.397758541173511,0.2662437758208089
-0.7956786903000402,0.030947079204276084,3,-1.3945060982259567,0.2662437758208089
-0.7852693067639157,-1.256182213649737,3,-1.3857083224588522,0.2662437758208089
-0.7839831745144923,-1.1094751436381272,3,-1.3845978193640232,0.2662437758208089
-0.7758329435944927,-0.980743186744704,3,-1.3774409261806508,0.2662437758208089
-0.7748809636732676,-0.8402077441585731,3,-1.3765915237824384,0.2662437758208089
-0.7679177344850434,-1.0656621312269885,3,-1.3702933512570494,0.2662437758208089
-0.7619208922846075,-0.9998774491154456,3,-1.3647494306348877,0.2662437758208089
-0.7569532498698099,-1.1206439618778756,3,-1.3600733320981098,0.2662437758208089
-0.7556336407033744,-1.3239383965761746,3,-1.358818463538384,0.2662437758208089
-0.7495162635815064,-1.6055804438782264,3,-1.3529317393915752,0.2662437758208089
-0.7473158209119471,-1.280000448849741,3,-1.3507863795862853,0.2662437758208089
-0.746877325658141,-2.269122322724015,3,-1.3503571018115665,0.2662437758208089
-0.7449439657449555,-1.1448630053245872,3,-1.3484574187100902,0.2662437758208089
-0.7400523585646949,-1.1549445390503688,3,-1.3436004085136668,0.2662437758208089
-0.7367946866360247,-1.3310850328165043,3,-1.3403256329106548,0.2662437758208089
-0.7365746499387982,-0.8366452574248087,3,-1.3401032862270283,0.2662437758208089
-0.7328862265615878,-1.350062362223885,3,-1.3363544262181275,0.2662437758208089
-0.7140199214460276,-1.6500112578624633,3,-1.3165417655477427,0.2662437758208089
-0.7069139143704978,-0.8338327825307601,3,-1.3088050966440208,0.2662437758208089
-0.7061282813202715,-1.0746888677749216,3,-1.3079405933592427,0.2662437758208089
-0.704824557287602,-1.4758870993488564,3,-1.3065019800678912,0.2662437758208089
-0.6980211140870446,-1.3912212966110675,3,-1.2989136777554118,0.2662437758208089
-0.6827596814474726,-0.300816724664584,3,-1.2814008000322934,0.2662437758208089
-0.6749289976642698,-0.30935160867791955,3,-1.2721536367514439,0.2662437758208089
-0.6598390335849802,-1.4805143701600663,4,-1.253840209909195,-0.19398247910712624
-0.6547777887651615,-1.511309730532552,4,-1.247553467282834,-0.19398247910712624
-0.6451520743628314,-1.3671376750180717,4,-1.2353989322263637,-0.19398247910712624
-0.6444798572810156,-1.3624994991206156,4,-1.234540463073928,-0.19398247910712624
-0.6442138586239573,-0.9400951138117253,4,-1.234200417161549,-0.19398247910712624
-0.6382365777504487,-0.8585906617222693,4,-1.2265075010765565,-0.19398247910712624
-0.6191830566967013,-2.0223357083922124,4,-1.2013301167375805,-0.19398247910712624
-0.6163853949561682,-1.142450439637182,4,-1.1975501603382785,-0.19398247910712624
-0.6063854245841922,-1.8670438614106037,4,-1.1838671291177865,-0.19398247910712624
-0.5996003447738804,-1.7389648604511707,4,-1.1744311865779227,-0.19398247910712624
-0.589934871025206,-1.0651837540708926,4,-1.160779672789625,-0.19398247910712624
-0.5883516889790732,-0.879538830834569,4,-1.1585202541848014,-0.19398247910712624
-0.5752841861884523,-0.8003756190594747,4,-1.139622794511513,-0.19398247910712624
-0.5697356962522532,-1.540766396270917,4,-1.131466042985379,-0.19398247910712624
-0.566303351642902,-1.2733636097269991,4,-1.1263809313594735,-0.19398247910712624
-0.5628165683234697,-0.7794128657578884,4,-1.1211845967927416,-0.19398247910712624
-0.5626257930574142,-1.993485017260053,4,-1.1208993992030802,-0.19398247910712624
-0.5574223709798686,-0.4736237815388955,4,-1.1130852796569126,-0.19398247910712624
-0.5541455588289153,-1.1637914452651714,4,-1.1081295752717004,-0.19398247910712624
-0.5407322156879296,-1.257398342939705,4,-1.087566044569435,-0.19398247910712624
-0.5379842552982254,-1.3461449046788359,4,-1.0832986312781174,-0.19398247910712624
-0.5359451671822805,-0.3701024305869387,4,-1.0801201528593967,-0.19398247910712624
-0.5357601371457336,-0.9904620164311653,4,-1.079831232260059,-0.19398247910712624
-0.5183377244269793,-0.9368265787664017,4,-1.0522569503134727,-0.19398247910712624
-0.504834886126999,-1.0216372920516603,4,-1.0303908544446818,-0.19398247910712624
-0.5023866562380953,-1.4851353788152628,4,-1.026380731647449,-0.19398247910712624
-0.4976386247664527,-1.5400500116410216,4,-1.0185642022431403,-0.19398247910712624
-0.4952418766571443,-1.372568187491261,4,-1.014598866697078,-0.19398247910712624
-0.4931257106582324,-1.830662405688544,4,-1.0110868420581345,-0.19398247910712624
-0.49060948611662103,-1.1928383055990401,4,-1.00689761792651,-0.19398247910712624
-0.4851743520087874,-0.8664632480759832,4,-0.9977998704175416,-0.19398247910712624
-0.47906785499854276,-1.0904743532827974,4,-0.9874992597492455,-0.19398247910712624
-0.47596933430976285,-2.161160420276645,4,-0.9822408476356304,-0.19398247910712624
-0.473645384904369,-0.4481307143877198,4,-0.9782830074353704,-0.19398247910712624
-0.47058086064461613,-1.7123617396307158,4,-0.9730457531103629,-0.19398247910712624
-0.46632534102339834,-1.2195275971645683,4,-0.9657390186635167,-0.19398247910712624
-0.45994287704977116,-0.7869976833654692,4,-0.9547066441706769,-0.19398247910712624
-0.4352117186048948,-0.7845490028145916,4,-0.9111405430239807,-0.19398247910712624
-0.42483236062333013,-1.5380140426899516,4,-0.8924793749434357,-0.19398247910712624
-0.4231242936361279,-0.6873347191497566,4,-0.8893875709259638,-0.19398247910712624
-0.4210885745318258,-1.0586779499592596,5,-0.8856950538090254,0.06502075048572989
-0.4138176203087399,-0.46692038798931745,5,-0.8724393499245316,0.06502075048572989
-0.4129812342406606,-0.7480701844144113,5,-0.8709078460812384,0.06502075048572989
-0.40954112956113775,-0.5542255748713153,5,-0.8645942938101944,0.06502075048572989
-0.39583387860856334,-1.4339126325728855,5,-0.8392107137595064,0.06502075048572989
-0.3946598399324783,-1.2536873484694742,5,-0.8370199393602217,0.06502075048572989
-0.38763896206443005,-0.7434805084527673,5,-0.8238649300469926,0.06502075048572989
-0.38662635090663505,-1.2950300959511198,5,-0.8219600277729328,0.06502075048572989
-0.36777377313679477,-0.3894931622524713,5,-0.7861533910058911,0.06502075048572989
-0.3642543273609716,-0.40241054677602633,5,-0.7793984191730174,0.06502075048572989
-0.360591538619138,-0.8326690574070184,5,-0.7723452613097623,0.06502075048572989
-0.3557159119164971,-0.8883738884518864,5,-0.7629204969679172,0.06502075048572989
-0.3545775329675,-0.4138467569677098,5,-0.7607140743414562,0.06502075048572989
-0.3440273767313993,-0.8305798510569838,5,-0.7401609200118113,0.06502075048572989
-0.3426063740218744,-0.7791585193621094,5,-0.7373783329513696,0.06502075048572989
-0.34200966811987044,-1.2860144349451743,5,-0.7362088725493059,0.06502075048572989
-0.34078104189725184,-0.6574900672530808,5,-0.7337990799929801,0.06502075048572989
-0.3406429731950838,-0.5155642601930487,5,-0.7335281200384174,0.06502075048572989
-0.33913122750203606,-0.9500311888072128,5,-0.7305592620735566,0.06502075048572989
-0.33036239789092425,-0.15851552871471336,5,-0.7132648939032638,0.06502075048572989
-0.3265696473947829,-0.6559436379969171,5,-0.7057462173761182,0.06502075048572989
-0.32493282034427545,-0.13718975071925243,5,-0.702494332093133,0.06502075048572989
-0.31327938048412135,-0.5274834399374139,5,-0.6792211948828862,0.06502075048572989
-0.3025356123989988,0.2677850690164276,5,-0.6575807355146298,0.06502075048572989
-0.2861616767638915,-0.18978821622600395,5,-0.6242732326649642,0.06502075048572989
-0.2843361188830062,-0.08198839308648603,5,-0.6205360192394448,0.06502075048572989
-0.28383307962848026,-0.23423371457529724,5,-0.6195053972687969,0.06502075048572989
-0.28172466723064776,-0.7145429080316121,5,-0.6151818717047515,0.06502075048572989
-0.2798354764074447,0.0715767251260383,5,-0.6113026554536405,0.06502075048572989
-0.2785964016596098,-0.5374419568304398,5,-0.6087557033379968,0.06502075048572989
-0.27651018517130793,-0.1955528519459504,5,-0.6044626816881475,0.06502075048572989
-0.27171308328044014,-0.3432826595608907,5,-0.5945688080239988,0.06502075048572989
-0.25760286629729595,-0.26157554776199965,5,-0.565290402799941,0.06502075048572989
-0.25462853106679345,-0.44583700287845474,5,-0.5590859621444262,0.06502075048572989
-0.25148606339198504,0.23436134675761233,5,-0.552518711038002,0.06502075048572989
-0.250097240093724,-0.8623575607623158,5,-0.5496123737427866,0.06502075048572989
-0.2405111037810962,-0.5294994154522372,5,-0.5294874604293609,0.06502075048572989
-0.2361720671003004,-0.9007704608915166,5,-0.5203419454800414,0.06502075048572989
-0.22032031056738982,-0.3683367508643192,5,-0.4867462980223133,0.06502075048572989
-0.21872642111771182,-0.3564257469915341,5,-0.48335272330494017,0.06502075048572989
-0.2151135003869919,-0.331469022256782,6,-0.4756501988452905,0.1699773457089864
-0.21469535395152037,0.017490184479308446,6,-0.4747578301306655,0.1699773457089864
-0.19381619973403147,-0.22088468806010464,6,-0.42996930854131193,0.1699773457089864
-0.1903755955940553,-0.4970107827643195,6,-0.422547110517128,0.1699773457089864
-0.18613255303901086,-0.17527352368795554,6,-0.41337838611588584,0.1699773457089864
-0.17861703686757294,-0.10780706267951926,6,-0.39709736217123925,0.1699773457089864
-0.17018507574658218,0.2638612278559973,6,-0.3787710531316062,0.1699773457089864
-0.15407316679345573,0.27656967227348583,6,-0.34358686409715644,0.1699773457089864
-0.1458022450977051,0.847785339295986,6,-0.3254460896687244,0.1699773457089864
-0.1368089025437787,0.0672726947662837,6,-0.3056640625002583,0.1699773457089864
-0.12069846598188617,-0.001061943795518494,6,-0.27009037050845985,0.1699773457089864
-0.11730238070998499,-0.14200964374536557,6,-0.2625705975414597,0.1699773457089864
-0.11666557354863609,0.11794032013803701,6,-0.2611597844397894,0.1699773457089864
-0.1058355646111268,0.08883811355378107,6,-0.23713102979188871,0.1699773457089864
-0.10321481673813003,0.134643048689193,6,-0.23130667981288133,0.1699773457089864
-0.10170409855911638,-0.5431831162791178,6,-0.22794762985356276,0.1699773457089864
-0.09591959590787685,0.7928546799138907,6,-0.21507523924042252,0.1699773457089864
-0.08752782021013732,-0.0016946407447768208,6,-0.1963722970040891,0.1699773457089864
-0.08442505467997807,-0.10669603816855852,6,-0.1894490558259353,0.1699773457089864
-0.08128477181792883,-0.4074562459009209,6,-0.18243792395519454,0.1699773457089864
-0.0737896156143621,0.08057595119082418,6,-0.1656878428582036,0.1699773457089864
-0.07253506180841582,-0.058745661174195246,6,-0.16288207822105405,0.1699773457089864
-0.06674263847177696,0.16276936787598992,6,-0.1499202065882086,0.1699773457089864
-0.06662189144853681,0.5322589526117137,6,-0.14964988369335178,0.1699773457089864
-0.06556171937221512,-0.22164127319478819,6,-0.14727620930686838,0.1699773457089864
-0.06495671257175094,0.24659697083901047,6,-0.14592146081911972,0.1699773457089864
-0.05744922361713785,-0.1625037425110089,6,-0.12910083231262287,0.1699773457089864
-0.05281659398810706,0.3225971107064683,6,-0.11871306007327855,0.1699773457089864
-0.03906544955387496,-0.05902540867250032,6,-0.08784696731967646,0.1699773457089864
-0.03505743108184293,-0.3549177625259544,6,-0.07884287080548508,0.1699773457089864
-0.029907940694950733,0.09871190254105525,6,-0.06727029666465642,0.1699773457089864
-0.019818109136420486,0.2920131608765719,6,-0.04458417834181145,0.1699773457089864
-0.014650965306860185,-0.05360455920370921,6,-0.03296201854475214,0.1699773457089864
-0.010331268640298022,-0.6197845344076547,6,-0.023244424041028902,0.1699773457089864
-0.004907059541725353,0.4348289431784017,6,-0.011040784273144075,0.1699773457089864
-0.003653009122904822,-0.051488663539690255,6,-0.008219229395901816,0.1699773457089864
-0.0030508759140374475,0.2645322451727504,6,-0.006864446846575972,0.1699773457089864
-0.0002041394026663078,-0.054884719563303125,6,-0.0004593136488213438,0.1699773457089864
0.00264552494511676,-0.6001653962455178,6,0.005952415504066909,0.1699773457089864
0.0028160081490580776,-0.3831738237504956,6,0.006335999493896055,0.1699773457089864
0.009732267394035361,0.5094669886432006,7,0.021896823866456847,0.47158653876840706
0.011946260231904392,0.5797664690078805,7,0.026877647045434695,0.47158653876840706
0.017305556647636958,0.28061927061064795,7,0.03893312969484785,0.47158653876840706
0.021828135186390495,0.18307194855965203,7,0.04910452930504001,0.47158653876840706
0.024633807338433747,0.3315473111718027,7,0.05541345466257615,0.47158653876840706
0.03211684231131823,1.0406229433210967,7,0.07223494648147176,0.47158653876840706
0.034586596318335654,0.9483137090080941,7,0.07778493742571682,0.47158653876840706
0.03465269937278393,0.12074962800770239,7,0.07793346880283435,0.47158653876840706
0.0370931388814439,0.4298768287362241,7,0.0834165071139753,0.47158653876840706
0.03952956080330177,0.4441404802914121,7,0.08888940392701405,0.47158653876840706
0.04829478183349858,0.7752808953066189,7,0.10856824231341501,0.47158653876840706
0.04990952315180239,0.3306590194185048,7,0.11219155924668792,0.47158653876840706
0.0530835637602452,0.22114922417519495,7,0.11931184839645881,0.47158653876840706
0.056126251411039225,0.5416526281450799,7,0.12613493808954565,0.47158653876840706
0.0589085570230563,0.46350442133743874,7,0.13237183657745052,0.47158653876840706
0.061609770715000844,0.9061574853830958,7,0.13842475223181802,0.47158653876840706
0.06689398455562344,0.8310994168114061,7,0.15025902630931365,0.47158653876840706
0.06938809739419703,0.31167101231052374,7,0.15584148888517696,0.47158653876840706
0.07581518394884765,0.28357662866537336,7,0.17021671111380446,0.47158653876840706
0.08284224833668774,0.1327371940208515,7,0.18591572931554537,0.47158653876840706
0.09487686347006907,0.41961104107405545,7,0.21275307139093202,0.47158653876840706
0.10733431004904385,0.23301948267967176,7,0.2404602003004129,0.47158653876840706
0.11398596601181361,1.0050040610237172,7,0.25522065762770346,0.47158653876840706
0.1259902191809892,0.8730934005396057,7,0.28179357972489993,0.47158653876840706
0.12803030162373435,1.007889905790333,7,0.286300712174116,0.47158653876840706
0.1301788132898728,1.0817229820523353,7,0.2910444967969029,0.47158653876840706
0.13210409569862544,0.9423054282436559,7,0.2952928380262015,0.47158653876840706
0.1332112236541906,1.7002210542709866,7,0.2977347210606365,0.47158653876840706
0.13353645131355735,1.5781554807088352,7,0.2984518879275928,0.47158653876840706
0.13544487999690102,0.6353380130435244,7,0.30265877033625266,0.47158653876840706
0.13657958074281587,0.594520888010352,7,0.3051588967842024,0.47158653876840706
0.14088160707034486,0.2434973686669174,7,0.3146296134736907,0.47158653876840706
0.14280175317955687,0.5311530951683678,7,0.3188525230011918,0.47158653876840706
0.14700490893853818,0.09178659256498323,7,0.3280870944406711,0.47158653876840706
0.1645079467309725,0.6551962645716707,7,0.3663978777931646,0.47158653876840706
0.16702465282632165,0.4787544403728327,7,0.3718863141236959,0.47158653876840706
0.1784545504023333,0.666359160150229,7,0.39674479946369284,0.47158653876840706
0.1826677822629892,0.84602228768633,7,0.4058789806735041,0.47158653876840706
0.18605090832584012,0.9376666773712075,7,0.4132017959351457,0.47158653876840706
0.19608915990464923,1.0700598536366794,7,0.43486635237014937,0.47158653876840706
0.19876883146451244,1.358040480517493,8,0.44063315008465687,0.48635399288435194
0.1992622605267173,1.9843522349269802,8,0.4416942626625503,0.48635399288435194
0.20370123361798312,0.8418788113644803,8,0.45122926545766917,0.48635399288435194
0.20922649752529768,0.7609333865517693,8,0.46306964686707436,0.48635399288435194
0.2242772648758081,1.6122673064028712,8,0.495159041842683,0.48635399288435194
0.24275562056570915,1.3050024805365292,8,0.534209516578587,0.48635399288435194
0.26122592248902576,0.800305732524444,8,0.5728328573815059,0.48635399288435194
0.26201784641108344,0.8437760728268673,8,0.574479233960878,0.48635399288435194
0.26754230812270835,1.0941649057540301,8,0.585941677255131,0.48635399288435194
0.2865072164673681,1.0639537243816743,8,0.624980082529292,0.48635399288435194
0.2967148158724911,1.3393609419220913,8,0.6457846037373289,0.48635399288435194
0.29716582146253134,1.1771153523021123,8,0.6467003598661435,0.48635399288435194
0.30992519953057557,1.4431209798976081,8,0.6724837668213215,0.48635399288435194
0.31382399045581866,1.649803664104594,8,0.6803135162361589,0.48635399288435194
0.3142991461052519,0.6013987822474718,8,0.6812661625965558,0.48635399288435194
0.31651203705066583,0.6448698718841727,8,0.6856982525860851,0.48635399288435194
0.3213709817125795,1.020578633768198,8,0.69540341779972,0.48635399288435194
0.3223605612357853,1.2305442753336275,8,0.6973754744039776,0.48635399288435194
0.3236008438899966,0.8637127482329159,8,0.6998449676073009,0.48635399288435194
0.32562305126963514,0.8047022866691398,8,0.7038661317818453,0.48635399288435194
0.3299296698690701,0.4146148443666793,8,0.7124082242338315,0.48635399288435194
0.3430441906191898,0.6225899930999736,8,0.7382360167850389,0.48635399288435194
0.34382273840836436,1.5392733063828665,8,0.7397604071615304,0.48635399288435194
0.3482124255415668,1.6721926555428763,8,0.7483364388075303,0.48635399288435194
0.3584981116665194,1.4086219866288936,8,0.7683036219143784,0.48635399288435194
0.35855902432466713,1.0806834381317088,8,0.7684213291129629,0.48635399288435194
0.3703171927272846,1.4756529120611563,8,0.7910214208536557,0.48635399288435194
0.3735251406689898,1.2812879050675976,8,0.7971449108258291,0.48635399288435194
0.37545674699544024,0.9447441831111633,8,0.8008231628059195,0.48635399288435194
0.3785398756392942,1.5510101580437374,8,0.8066802536083102,0.48635399288435194
0.3821764247729521,0.8985197263377928,8,0.8135665041032034,0.48635399288435194
0.3883117558578045,1.1651192888686461,8,0.825129524513991,0.48635399288435194
0.392688549117375,0.39900940926710604,8,0.833335645002405,0.48635399288435194
0.39726647063800663,0.6942573629855111,8,0.841880426517293,0.48635399288435194
0.40041471901056075,1.3292963535715998,8,0.8477336814947581,0.48635399288435194
0.4008087978284263,0.6579613511692302,8,0.8484650281433639,0.48635399288435194
0.43395460767846444,1.092835050928316,8,0.9088920337496738,0.48635399288435194
0.44596340093728076,1.8396693449380277,8,0.9302381839448525,0.48635399288435194
0.46472806727479793,0.9778684861725776,8,0.9629863241437877,0.48635399288435194
0.4702442264924385,1.968752364823097,8,0.9724691919323575,0.48635399288435194
0.4708815478493825,1.602816406665633,9,0.9735605373384079,0.10029785020441727
0.47459926453997425,1.0048677465092994,9,0.9799089688642648,0.10029785020441727
0.4946559535826067,1.246701046447341,9,1.0136274808193475,0.10029785020441727
0.49711044989788244,1.1782091160566386,9,1.017691484600924,0.10029785020441727
0.49717562392899467,0.9697959261343856,9,1.0177992079771891,0.10029785020441727
0.5056344995543236,0.7148298500319568,9,1.0316975880313706,0.10029785020441727
0.5139447646856712,1.288103905747833,9,1.0451900630885107,0.10029785020441727
0.5148650985305349,1.4506490267796206,9,1.0466743582964204,0.10029785020441727
0.5176082512573368,0.7810717188925695,9,1.0510866133002736,0.10029785020441727
0.5228241795377975,1.4924269677867483,9,1.0594270813268079,0.10029785020441727
0.5285739014192584,1.225856352644001,9,1.068545940162467,0.10029785020441727
0.5334295035145119,0.5325723212403496,9,1.0761848805763994,0.10029785020441727
0.5368370620408994,0.907273278276575,9,1.0815116608116597,0.10029785020441727
0.5393659018787055,0.910079492071836,9,1.0854465485297804,0.10029785020441727
0.5407917513410914,1.001864713209165,9,1.0876582955293064,0.10029785020441727
0.5473689036247683,0.8722199659335694,9,1.0977960680817664,0.10029785020441727
0.5606197162897848,0.5557904196864267,9,1.117894881801378,0.10029785020441727
0.5715428494012585,0.9068192096414596,9,1.1341313453884334,0.10029785020441727
0.575615484339568,1.4487186201536475,9,1.140107339089324,0.10029785020441727
0.5787640891991254,1.1068367488725355,9,1.1446983032078075,0.10029785020441727
0.5841888175970095,1.53848790331313,9,1.1525481212291775,0.10029785020441727
0.5874280639689761,0.8840311938624952,9,1.1571990957224267,0.10029785020441727
0.5910590680550991,0.9454521051914713,9,1.1623800827704431,0.10029785020441727
0.5971688548043866,1.8118323172542754,9,1.1710200779421829,0.10029785020441727
0.5995272051770663,0.8824816799839528,9,1.174328807570351,0.10029785020441727
0.6100504040293434,0.8104713130332876,9,1.1889130326939665,0.10029785020441727
0.6121447312439653,0.9074750606914542,9,1.1917803561693194,0.10029785020441727
0.6237331622199183,0.8208964090932962,9,1.2074326080405733,0.10029785020441727
0.6250247046263432,1.1207888244273705,9,1.2091545572881472,0.10029785020441727
0.6403094963336493,1.178032678155519,9,1.2291866002703817,0.10029785020441727
0.6560084999614029,0.8699302790204295,9,1.2490888054395337,0.10029785020441727
0.6724286755050906,1.1767416412814153,9,1.2691640058125304,0.10029785020441727
0.6732040280145991,1.2707008200440746,9,1.2700930050896009,0.10029785020441727
0.6750178369325979,0.8282155262798786,9,1.2722595327640802,0.10029785020441727
0.6809100897883598,1.595034674665888,9,1.2792325391222146,0.10029785020441727
0.6845154796336524,1.9905603274681283,9,1.283449982239388,0.10029785020441727
0.6925243536822245,1.5805377925463602,9,1.2926839644223744,0.10029785020441727
0.694167003388194,1.8601190073503853,9,1.2945548756774634,0.10029785020441727
0.6993784862487679,0.918426582091844,9,1.3004384667560787,0.10029785020441727
0.705918780096278,1.4666643267620758,9,1.3077097533486415,0.10029785020441727
0.7129847107896844,0.7222247887419803,10,1.3154239667274208,-0.31181890625864933
0.7150727675172355,1.4053951103464926,10,1.317675350630732,-0.31181890625864933
0.7155733059477225,0.9374707983368904,10,1.3182131211457244,-0.31181890625864933
0.7189884021004198,1.440192258101581,10,1.3218623994507817,-0.31181890625864933
0.7278656056366405,1.5019033119176175,10,1.3311858266983219,-0.31181890625864933
0.7296008758259415,0.34487372067542577,10,1.3329807951244321,-0.31181890625864933
0.7304537304965094,0.4050805812021898,10,1.3338596811136187,-0.31181890625864933
0.746867507689911,2.162726151846041,10,1.3503474835366664,-0.31181890625864933
0.7476488181359117,0.28248705493683923,10,1.3511119865824879,-0.31181890625864933
0.7499209025882949,0.9948155541846647,10,1.3533246454934236,-0.31181890625864933
0.7504829110269664,0.8449777743873021,10,1.3538695308008686,-0.31181890625864933
0.7519968145528865,0.647298676702944,10,1.355332521308379,-0.31181890625864933
0.7559112615533681,1.3775486969849686,10,1.359082906562516,-0.31181890625864933
0.7658206476973729,0.8483614633700176,10,1.368367234862269,-0.31181890625864933
0.784975358235435,1.1646525334714655,10,1.3854549688957012,-0.31181890625864933
0.7850241642933614,0.6419964749049163,10,1.385497053374734,-0.31181890625864933
0.7964971917259951,1.4357458926189968,10,1.3951834872930058,-0.31181890625864933
0.8064461653976128,1.5649994516301273,10,1.4032487828097788,-0.31181890625864933
0.8096574977937143,1.3889273625422693,10,1.405785469622711,-0.31181890625864933
0.8268293537993189,0.6633369834375806,10,1.41879484732783,-0.31181890625864933
0.8425931542809267,1.7522630350390433,10,1.4299090225038358,-0.31181890625864933
0.8570695573254143,2.0886186419306276,10,1.439411482987557,-0.31181890625864933
0.8690125733927717,0.8059098300307808,10,1.4467402632940365,-0.31181890625864933
0.883563848139807,0.5366286420285478,10,1.4550419124650567,-0.31181890625864933
0.8875813495949713,1.8337459402181402,10,1.4572119880669139,-0.31181890625864933
0.8960927647563319,1.264674352863497,10,1.4616345621024065,-0.31181890625864933
0.9140910626586896,0.6236711272782037,10,1.4702011826378578,-0.31181890625864933
0.9375392721450856,0.8727334567130974,10,1.4797536276757968,-0.31181890625864933
0.9599408607941753,1.3955205428243558,10,1.4871701618382753,-0.31181890625864933
0.970548912131172,2.054982273163613,10,1.4900968302934874,-0.31181890625864933
0.9795285325325388,1.639861819303491,10,1.4922794075197245,-0.31181890625864933
0.9855363216613745,1.0304387369101922,10,1.4935885167238678,-0.31181890625864933
0.9905376505936145,0.7140842575957966,10,1.4945858041285005,-0.31181890625864933
0.9950148818822248,1.1812779027489317,10,1.4954072308675814,-0.31181890625864933
1.0080045999390077,1.0811314776431242,10,1.4974085989597548,-0.31181890625864933
1.0104944119806674,0.08349262899669507,10,1.4977273084122322,-0.31181890625864933
1.0372602611024786,1.5621619010383327,10,1.4998333629085912,-0.31181890625864933
1.0483336376495036,1.4365047976484242,10,1.499997821957054,-0.31181890625864933
1.056264735504779,1.1817404055101495,10,1.4998612662983302,-0.31181890625864933
1.0583980301390978,1.316703509174186,10,1.4997883068751048,-0.31181890625864933
1.0790337685559264,0.5553337453212746,11,1.4982899682692903,0.1668824138278719
1.0794209827316006,1.556394758396772,11,1.4982481262645213,0.1668824138278719
1.0894776324873081,1.5104985505578508,11,1.4969844270511556,0.1668824138278719
1.09591083212387,1.723856333129111,11,1.4959973713238706,0.1668824138278719
1.104105787227466,1.4725847580009217,11,1.4945382691063056,0.1668824138278719
1.1213188358881518,1.671292508277091,11,1.49073848068631,0.1668824138278719
1.123157887424094,2.063606196936879,11,1.4902737005272306,0.1668824138278719
1.1491570523520824,1.290797376937924,11,1.4824913567786338,0.1668824138278719
1.1667477570067972,1.2987351028864158,11,1.475946387817407,0.1668824138278719
1.1758538238192007,1.2861185134843747,11,1.4721543458652773,0.1668824138278719
1.1801063943391776,1.9295709350640502,11,1.4702893183961987,0.1668824138278719
1.1808918378077127,1.9309303142821708,11,1.4699383030137159,0.1668824138278719
1.195211800577475,1.7463819428466913,11,1.4631814982915632,0.1668824138278719
1.2023381284542252,1.6916811408508612,11,1.4595672024544122,0.1668824138278719
1.2058999408178468,1.1847281659368034,11,1.4576982040198112,0.1668824138278719
1.2089895352956523,1.6054685605276882,11,1.4560432913550498,0.1668824138278719
1.212337526048254,2.022998832692052,11,1.4542146674931444,0.1668824138278719
1.2140458458759487,1.600456782906182,11,1.4532674737780649,0.1668824138278719
1.2147574188491246,1.0173129712873203,11,1.4528701199814502,0.1668824138278719
1.2414141932622675,1.5828398232681857,11,1.4367962375488135,0.1668824138278719
1.2468711063899875,2.0455757957718452,11,1.4332216217137208,0.1668824138278719
1.2563547327043343,1.9987229363806756,11,1.4267809463565742,0.1668824138278719
1.2758907921685192,1.667777481637032,11,1.4126048349768006,0.1668824138278719
1.29927546695317,1.4941293523589165,11,1.3940422180207825,0.1668824138278719
1.3170918751497709,1.775392489914561,11,1.3787472647039412,0.1668824138278719
1.3194190040402176,2.3764831759058977,11,1.376676533801001,0.1668824138278719
1.326949601555553,0.8199633705551798,11,1.3698607998644559,0.1668824138278719
1.3298312028121764,1.2187795124188545,11,1.3672064566355757,0.1668824138278719
1.3314301902061412,1.8025909825660276,11,1.365722550885105,0.1668824138278719
1.344007597599502,1.3696312197159684,11,1.353777099173608,0.1668824138278719
1.3667242455726754,1.917240174895987,11,1.3309838148480724,0.1668824138278719
1.3793964285397664,1.2124802887312054,11,1.3175956824566033,0.1668824138278719
1.3863914243310675,1.975425256760069,11,1.3100012529823757,0.1668824138278719
1.4172119100768805,1.972173454352292,11,1.2748336358985797,0.1668824138278719
1.4245082907442073,1.3302078700284474,11,1.2661064042062686,0.1668824138278719
1.4377415852613376,2.0817652369353925,11,1.2498917781366499,0.1668824138278719
1.4726078023046625,1.5065351428297615,11,1.2048297318609458,0.1668824138278719
1.4836723562130727,1.0487380937492632,11,1.1898348100557288,0.1668824138278719
1.490854555337106,1.1359502495782614,11,1.179925659531456,0.1668824138278719
1.4991593831504917,1.1343199837886142,11,1.1682969872005156,0.1668824138278719
1.513461055586709,1.206607605820937,12,1.147847450711769,-0.5102072944564666
1.5144782893723692,0.2975652520915808,12,1.1463727039747742,-0.5102072944564666
1.5250191162772933,0.7449228852151993,12,1.130934527219541,-0.5102072944564666
1.528685117462552,1.4966196300545147,12,1.125498811771183,-0.5102072944564666
1.528763250879274,0.46622740694984677,12,1.1253825894693021,-0.5102072944564666
1.5304677616724387,0.6831956550899116,12,1.1228433106754219,-0.5102072944564666
1.5347147531933791,0.7369635602308724,12,1.116484502771693,-0.5102072944564666
1.5365299289403656,0.2685268417939671,12,1.1137528945131254,-0.5102072944564666
1.5751956687579411,0.2210477448411987,12,1.0536378181906327,-0.5102072944564666
1.578413162034334,1.1517010584499965,12,1.0484728981359557,-0.5102072944564666
1.5822694719214174,0.36109035393245603,12,1.0422503443805595,-0.5102072944564666
1.6007318125626657,1.1775027466814656,12,1.0119799841620467,-0.5102072944564666
1.6830213474189242,0.8572132982569255,12,0.8679605490459135,-0.5102072944564666
1.7011780885538996,0.7041695275558548,12,0.8343240488187248,-0.5102072944564666
1.7169863066088313,0.6535092827984132,12,0.8045335121439423,-0.5102072944564666
1.725977889630224,0.6254719784350184,12,0.7873859994381611,-0.5102072944564666
1.7306942004790966,0.6555657843373316,12,0.7783342328559688,-0.5102072944564666
1.7500668186086854,-0.8913107888420915,12,0.7407497208588034,-0.5102072944564666
1.751305563594286,0.7748950812032295,12,0.738324835794256,-0.5102072944564666
1.7795025234486328,-0.2620101957669468,12,0.6824554585140328,-0.5102072944564666
1.8288335358167962,-0.454532003376385,12,0.5818365166559114,-0.5102072944564666
1.8464460005810632,0.08214812656045073,12,0.5451123537354337,-0.5102072944564666
1.9218871668269217,0.4688031368975585,12,0.38382580644828435,-0.5102072944564666
1.9578407268900213,-0.12562971670890993,12,0.30510337075835914,-0.5102072944564666
1.9863208846765767,0.18052882544274557,12,0.2421033137524668,-0.5102072944564666
1.9974367094182601,-0.4859530660495577,12,0.21738811983010498,-0.5102072944564666
2.015405831675688,-0.7851204017775606,12,0.17731031871543013,-0.5102072944564666
2.017342762936015,-0.41854819216553685,12,0.17298203575219384,-0.5102072944564666
2.031289290143433,0.3460449834670707,12,0.14177613055063376,-0.5102072944564666
2.0628883163303002,-0.5096374594170155,12,0.07086388239610114,-0.5102072944564666
2.072453969628893,-0.4885524917323226,12,0.04935863687926802,-0.5102072944564666
2.0805863570437895,0.020131473765040542,12,0.031067455429692484,-0.5102072944564666
2.111782988390528,-0.28861625541595104,12,-0.0391183080268546,-0.5102072944564666
2.1283894584972134,0.21268083159237994,12,-0.07645415930501431,-0.5102072944564666
2.197229269473349,-0.9309456985420145,12,-0.23046042459701296,-0.5102072944564666
2.2036285950441608,-0.394904659134755,12,-0.24467711594364258,-0.5102072944564666
2.2189999228483925,-0.23418919150183493,12,-0.2787313260189383,-0.5102072944564666
2.3865475034528947,-0.9723322787412729,12,-0.6365041829680231,-0.5102072944564666
2.5599082848044223,-1.9056803725682165,12,-0.9643400602124137,-0.5102072944564666
2.609749610809084,-1.9044203991059045,12,-1.0474628561068704,-0.5102072944564666
