"y","x0","x1","x2","x3","x4"
11.071545836315895,0.7429699569852544,0.8976893296993913,0.5670288311519087,0.627655913852099,0.8759385827039328
6.437387817345664,0.4368509085991059,0.21913236076965315,0.4437322059831996,0.859652936213241,0.2338225290262462
7.829618463285905,0.6451129667360924,0.46134015622971614,0.759085315594038,0.12121408370354403,0.4157688593563536
12.849822245009229,0.4612131047313641,0.6078537062493987,0.16618214530340536,0.6364195069808742,0.5944304568119251
4.853793154489384,0.4211400986491016,0.3848692573069705,0.36068582435459007,0.7641348962738397,0.4054540524822611
4.450192324768952,0.7009426661790528,0.15645464245000085,0.7422090658040259,0.8669239232833175,0.13341677994991535
5.097657885543331,0.8655971237539195,0.2585467726859849,0.9946101759233332,0.729975322459949,0.2928558053384246
9.480820127639532,0.8928003647087821,0.51886257552722,0.4925812732741297,0.7379159689965518,0.5324166754423745
0.8195269450339833,0.8153316604967356,0.24158058318573583,0.8693229433749459,0.8355949233353726,0.21459050238910582
8.530985500344377,0.8685987508496071,0.06914765344409846,0.5490258423550058,0.9402338666101921,0.06325809715512246
7.312421255494117,0.7555406627273482,0.20169087732060964,0.43763676226036563,0.1462619831050498,0.1615838635644166
10.500812033973608,0.05654385269828488,0.5453222772482409,0.3450341669880703,0.7604322221576976,0.522458755700894
3.5071079490740735,0.32012264915303157,0.1225848196235364,0.9321797747749643,0.8010093768760898,0.1570995738706739
9.668690850044603,0.40744743202527967,0.7646330563299555,0.679204084861146,0.20585369003998522,0.6967331963030424
-0.02550360956983244,0.33207031765638484,0.005715860456393829,0.9023837427240746,0.9825340639573645,-0.02552517713592503
16.993539034129178,0.6007878643083457,0.38947773767993277,0.21586765647520556,0.8733087654205995,0.3679871644497146
15.015207277993044,0.5257711512318566,0.7538974725839303,0.2045646759287687,0.2580562602695189,0.7666830263121589
4.872316337360288,0.10952620931136603,0.11053176338714965,0.8214430956569005,0.2934665940161052,0.014100755280936517
9.066978906818974,0.32672156893316817,0.5884884597665685,0.7857362163853545,0.8207421659911787,0.613196652151103
14.390011076975096,0.08233748444438538,0.8259355174481571,0.11496198625234366,0.5804963672103582,0.8172745332030192
11.837454900294004,0.19757680458569138,0.28934856338593407,0.2828813871610789,0.524104940503503,0.30532629439104303
6.448609427347242,0.2906375590749988,0.3567685298514187,0.7752907717894642,0.5923166537322337,0.39430422941837273
7.231807329812975,0.042881384325008876,0.8855878235408605,0.03622043985235135,0.6102084870799198,0.9052399235876841
2.5528227519106514,0.07813822844081963,0.1197207626934429,0.7016598910415441,0.15657000290392098,0.10853039172127707
0.7844106542717628,0.5808027118013586,0.09106370630362237,0.7882951562152609,0.49708413515608796,0.09950406136654823
7.062622278212816,0.04581713687825073,0.19598331922157053,0.07420711840589456,0.2900224233050981,0.20992638734444566
7.074202097190631,0.992856383106226,0.7051977952365922,0.5414417268304359,0.10953822149431414,0.6802136745618412
10.514465269329486,0.9999282700194096,0.06269904356840317,0.25378913198962727,0.733318141208497,0.051806750894134924
4.786121571591861,0.33600051468491965,0.40348403898539065,0.8247355838271948,0.9772569430587286,0.33266407599929104
2.6082209352259156,0.03860761878161889,1.3586860204917173e-5,0.5139409025359079,0.2692187540908886,0.025539821006188835
5.165459223402936,0.4742638174458036,0.5706963192941155,0.8961779616440317,0.8952316930255568,0.5509519711945866
13.525491926493967,0.5890040597741786,0.6969513514998653,0.36904213483736137,0.1483023108856818,0.7390449087517431
9.863206622119945,0.3472579654136658,0.9874157623518962,0.46087693210542624,0.23514495527962853,0.9982410066253157
6.757561194080873,0.8643214037495308,0.47717825406699954,0.4922516019005827,0.9623379201596589,0.5016374568035457
13.080494785630847,0.09563958056001476,0.6429027307292579,0.26631304948134793,0.3266764349639679,0.5877746090778999
8.659209615372701,0.9189175831842475,0.6090632053130278,0.37100761982753916,0.2481905739273551,0.60712875854211
2.3651249230126723,0.7894774686085915,0.511233401028635,0.03616891726294691,0.9260342693963994,0.5472647780907274
2.688263401779886,0.9505167745107832,0.020333288190046428,0.7741824622333549,0.6479004266342663,-0.0066432339393812205
8.302961750662092,0.3742762153190562,0.8950365047566295,0.8221876020808303,0.4850236885784318,0.9217069037333073
4.913472163625349,0.5300054232541802,0.3650963658495381,0.8856682916415362,0.6184889585943798,0.377989755921005
11.44614664799142,0.9862654681375234,0.9311833781353758,0.6075257334470223,0.319585226570934,0.9421056577637534
4.399768826516945,0.35222172613792235,0.3057142327309621,0.9721164017237041,0.6982311294295498,0.28848045004466966
11.850009894648279,0.17929918007555234,0.6300461855148876,0.36395195154558224,0.1138007355645303,0.646603164339711
11.228117425593517,0.7463932337751669,0.49786386860597354,0.24412735792879947,0.8829686654517646,0.45553750721049063
1.039779795598648,0.5618469159804094,0.18292571906732968,0.9031171279636836,0.5649570941223687,0.19132120065451538
4.819772979571371,0.10305289872964352,0.07336834252106983,0.4146170972348664,0.3338625293703683,0.08671259157681482
10.379042869153135,0.16550717607487386,0.9681529270016067,0.41680321879775084,0.5747474953708653,0.9714671093366478
12.4090996631538,0.739686876195657,0.5466661007415035,0.2928091515601503,0.37982732691144516,0.5337794917425545
3.0225974676067304,0.05086219201489639,0.08116158214411806,0.7708119549733023,0.851989608514333,0.15214443401217956
6.72074847982567,0.06972949956090524,0.9324954465602096,0.6704203239309368,0.5238172378766561,0.9001950157920422
4.149193258873234,0.1478302517609258,0.23246891209999632,0.4776005225948805,0.8252017749242953,0.21012715829839
3.439474780674027,0.2017733627369318,0.6655463185573456,0.8619476934102359,0.7319759970036963,0.7060451916519223
0.03221822819100506,0.22857104030677955,0.21548347733130502,0.9437524961531172,0.1100603286808961,0.2295935146270246
4.362240182751464,0.5809356761874609,0.4647168072768928,0.808561742953565,0.5610324747017648,0.4702943650419975
12.467619825338758,0.7176480681856572,0.05604970645842444,0.20460317199015088,0.4443672992187242,0.09883474637539405
5.936957158063625,0.09009887991719467,0.7963142605669986,0.9576858015943792,0.5468797799169991,0.7992114852712053
6.54611584817494,0.09615203984574716,0.22537045067283867,0.62656972319835,0.7723476885633784,0.23623575093488067
4.669867260613896,0.19722474865078876,0.02692283321278688,0.4750667158331132,0.39408146275945266,0.024441190963743302
9.611713381066268,0.5195317275102449,0.8510316546060017,0.6106849783944528,0.8332438860902571,0.8927318440655652
14.655884444604968,0.44264925415480527,0.43787647893687986,0.23580453521892752,0.45073112204846466,0.48612136415041374
10.571807379074176,0.5677224176651297,0.3610209434085072,0.3137530697633695,0.8392964080103475,0.3867807713147314
9.850767478291136,0.1577685219067504,0.9449278854707768,0.5881219076211648,0.9779057330780645,0.8680347853485664
7.500868415355987,0.044850753055688974,0.8374940440293719,0.7276220862551803,0.8594020748880429,0.8331528598273876
11.680086456607212,0.900252044178548,0.8436512177537197,0.30112617519988305,0.9890775485597991,0.8464599861553266
13.840177866264428,0.18509928245538232,0.4508663851254049,0.21424035099542094,0.8662996260225169,0.47420970714361366
4.082028284087203,0.8420650023586131,0.026282820940162877,0.7357814647116696,0.46588029287019994,0.04497036878988711
13.643704005990585,0.5682299830588873,0.8844889664266633,0.2718336739946854,0.23444506152478528,0.8784106274358109
5.961283865652235,0.8209935485693882,0.156590755514745,0.4488179199354607,0.693699259557562,0.1816837462946533
7.384941246670284,0.6961679070424343,0.31266815501341716,0.579504873847253,0.597253919678937,0.30883053996017196
15.428239419900054,0.505917046835509,0.5840777766426974,0.27569622440511665,0.6304083831187577,0.5451140561406722
17.24580199531547,0.4526206574091296,0.9914880124961882,0.3047678917678318,0.3160086942965048,0.9837217191926614
2.26695232667388,0.4620878442099814,0.7349789771155648,0.7999130118417357,0.20737941875302157,0.7530430890502522
4.860819639710448,0.17555869737021923,0.08740990382469582,0.6138422418567433,0.8549593302023302,0.05739155814786544
2.7703833920983563,0.36396958335168916,0.376132707775396,0.40790957052241694,0.6527275041202056,0.3502385078264756
9.461929325954694,0.18739063978171866,0.13376156554122387,0.16816462923309405,0.33116068733330595,0.12140906744421692
13.552420917992027,0.03136133724103107,0.35606928903388946,0.19835892706051372,0.9053393322045011,0.3537644934611563
10.640964977807805,0.0524910268836154,0.7654002715277755,0.6909435852129566,0.32531308235898826,0.7605321493933765
6.550038929757958,0.10764454950775049,0.077530029580122,0.6685714764896997,0.5698936058283572,0.13247862163161667
15.87372719049311,0.4182003400157759,0.7263472554480195,0.2699112979553755,0.8537922501291111,0.6981734100523417
14.944798656613877,0.7067994739378511,0.8611902310360555,0.11049498001605418,0.1852593245988392,0.8479357687997146
12.375126485830416,0.38733060132920816,0.0927928498837649,0.27188167315918954,0.9382309195398058,0.13401542051634277
5.33928775676969,0.28812783316576707,0.6441555771809455,0.014949227382595964,0.8371068503529131,0.6294969901641563
7.791720971660533,0.08085772199767827,0.3885334259308506,0.790183029268704,0.2049125555630813,0.4159590304250306
2.625620166891747,0.27014404674218695,0.15035035139697284,0.9766946034596531,0.01797745292416897,0.2190686631200297
3.7877169069411534,0.020820311505376665,0.18575861234255875,0.5140217268992779,0.8533777375080203,0.19997844585007657
10.633849600432926,0.9860977127549309,0.9653685654438562,0.48154747637674067,0.9035223137051109,0.9892392622867197
5.160602847614945,0.5790293451826165,0.17814893335039828,0.04720064597247231,0.2266455705063788,0.16563902275511336
9.53879341928834,0.5449905147350291,0.7856933691713153,0.0680151520765937,0.7619500338925804,0.7908689258608974
0.12522608202623697,0.6114021550548514,0.5327521801534092,0.9779186433164231,0.81113202804335,0.5045085216159881
20.22887858998051,0.7041237827154967,0.9757395859123219,0.2670985583476966,0.08617096448191663,1.0300959504763336
6.054744625252816,0.8083167613791358,0.03815145948590004,0.52252486822314,0.9566532456860342,0.03757554344600978
7.419875044025119,0.3398931194943433,0.2631863200376183,0.38157920190741623,0.0630589577204157,0.28737094429276905
3.5060404505808114,0.16811192573765132,0.09582007993104491,0.7666259603768049,0.07797751194931357,0.07386366530884056
4.559190975990725,0.5368266547119158,0.5569261076892487,0.7236104837297961,0.3486971045305318,0.6420731751455394
10.51097659453188,0.8747438763005302,0.09024342016905562,0.3664647867433304,0.8581559066001456,0.09746749533679623
5.077763698747291,0.8872297428265714,0.8642244748545238,0.9407332293117137,0.9830139411652357,0.8950537478399379
12.781775665193381,0.5626732494444449,0.9790315367515487,0.6345120053534987,0.016477974857320943,0.9638073626041254
1.9568054964860995,0.7684838909606102,0.3914710923082043,0.9549631504212661,0.8232247380559266,0.4017879983078992
6.424139450630661,0.23249485479243592,0.15302754019800457,0.1277093204575721,0.395663453899753,0.15927228147133918
25.213065026294593,0.8763581462377497,0.6623798368273413,0.7306417534546059,0.3565951101484548,0.7022541461674284
4.946951338022227,0.2421886161675868,0.3120393388191325,0.8308711829411206,0.5292865767938348,0.31085821958405935
6.895180731616859,0.5559572879515373,0.11915720555649689,0.33912072401544857,0.7162340439298716,0.1421486958587199
5.270584037192149,0.31337013580574324,0.627625737816921,0.4668623627082642,0.0040820714660332325,0.6070134517333767
11.975721767158957,0.8414349733231752,0.8585899108713706,0.06407937867539659,0.2518761558206051,0.8658845755641421
1.772691459578767,0.21000825232891107,0.16494745773011044,0.5785494073581956,0.40799884396256525,0.234984115527817
14.473858884103604,0.5762103130556926,0.8238058920541964,0.22032642818717907,0.8463041807614107,0.8245324147906736
4.762651679675007,0.5779371876541533,0.19671811950385165,0.7411673980620179,0.4891564576030689,0.17629724169419297
3.1997105397560768,0.29775848897484813,0.2687151706220272,0.7761017681358453,0.27639357241883955,0.27120920235564744
8.20218864122185,0.48594996861678474,0.023258693761323057,0.5992342372049502,0.03722678878970509,0.061302761592213144
10.94785153603769,0.32163264752053156,0.5104935040779484,0.15286837673843912,0.8664473930671599,0.47667266240369843
-2.0748174803826904,0.032899663788772626,0.005815864598746279,0.01064293212883416,0.9145888273485534,-0.006858081591193102
9.896158755485391,0.9421183952801169,0.2210408769683776,0.23166538830494465,0.09904874914003936,0.20077935794276405
6.059308183833093,0.21578917833989508,0.40235284638732804,0.5326913586754007,0.3530840494348122,0.44112804783939347
11.868047465593826,0.7632993287369467,0.5761936594767634,0.4597283510651473,0.5634637944181633,0.5814659126999013
10.08334301789642,0.20465712070171405,0.38508834434343653,0.3562243791770807,0.5774076563778554,0.28096780737066007
6.622104933663717,0.08125624898385708,0.09655173718601673,0.5445428079403911,0.20474673794835496,0.12285359604717272
9.273869755174534,0.5192295088016927,0.33967525560402256,0.4105407425095806,0.48357414793419795,0.3837388144922412
8.816056650250172,0.5320127984358005,0.8120655036350459,0.49619402687690006,0.24951011466919137,0.8338055679509973
5.34676066555766,0.8144502483711553,0.49553440656678704,0.7197500474243115,0.11388879949812947,0.4822887065973867
8.291690301722944,0.7598215862166458,0.6137005920198177,0.3653549772283604,0.46437950480457935,0.6433230272914163
9.124348707066657,0.0814265338285598,0.5497057457430701,0.35053075286727164,0.4864941346884435,0.5794379095744082
15.005637188728697,0.4630404361888316,0.8754969892571927,0.4913837993083616,0.6695405138444992,0.917124979441782
9.876200729261612,0.1366420155837318,0.02088797547029375,0.23584056393244457,0.8467758349743917,0.012355880659077398
6.834046076405179,0.8305075117786631,0.6325657728186334,0.6239931114873576,0.594830335543894,0.6023982208032657
7.280047298007023,0.6746716195466533,0.6079045213563636,0.8459008007490441,0.5974269446920397,0.6085426430810746
13.723535034124318,0.8313936338763099,0.20403425736079717,0.17208317133001527,0.3239839246138514,0.18000944663917554
13.503571486733108,0.5450313904172595,0.9331854290614319,0.717460305230128,0.4924530004558543,0.8942514144923138
11.872007667415694,0.8104932496054023,0.1658039947111023,0.17045184975627015,0.7375300994912244,0.18432644327175746
7.101348451731454,0.6472203657196658,0.4601232739367136,0.45765591638756864,0.22200624204843367,0.43355059744042
10.037179709376936,0.12707803548771035,0.45505491497604256,0.2725812041313165,0.8279652192267652,0.4983769836904432
5.227720351194052,0.4460064370343675,0.4082703111467858,0.9072752673239606,0.9416652633754212,0.420556796019622
13.818053043654308,0.013587278570781347,0.8737664446896389,0.2290818492624318,0.11932024656463525,0.8742038638042874
12.158458599779724,0.94021742310113,0.8816265764326174,0.19365058928152568,0.06034407010372167,0.8864636901705284
4.031142331149571,0.9982719216946356,0.6662157979437984,0.8362137146353679,0.8690283303543962,0.6270245716392219
5.9870406622081145,0.43511788462738155,0.042158742964335305,0.4425898581422236,0.3737692298059372,0.09971661424972525
3.476226536820386,0.2847254590432533,0.013710172228968531,0.556929155791948,0.7947858468131941,-0.000184507950832467
9.366048309402442,0.7228255354516859,0.8562549761653402,0.7864357694073687,0.014330849195390183,0.866153692750361
6.632649461218461,0.481948836671531,0.08207497379942041,0.39319862825740404,0.7423385715633812,0.06558446596273533
10.654659382668124,0.3107644658049866,0.9217420885258629,0.6619469955474273,0.9634538452404162,0.8905590031294444
5.540324232875548,0.7783381862261192,0.49036988886248634,0.8687924237567057,0.8312059366303901,0.47767701273590973
5.908687336715078,0.08204403170697883,0.5754159503269989,0.8462684989468114,0.6247180430161459,0.5858555133558218
4.271065927667066,0.029955713252873606,0.07600855895107972,0.5924347699768073,0.9789222235296859,0.07151415204082745
4.4582946930815215,0.3211986240549687,0.4213236434380485,0.9548375720277089,0.6552913807359726,0.41203057281817945
14.868877152349734,0.5748128576093556,0.8523972246596372,0.6814929424271607,0.12613765051298165,0.8306571512690342
6.580243616674096,0.2880333369919861,0.3581980402214806,0.7673402245685965,0.5831939970571787,0.40008802725687953
10.775463256420288,0.7391747460199949,0.4701489055150012,0.24766205863800983,0.34230321055160307,0.43890834564721753
9.658528286871366,0.7671395800738097,0.8651494491786458,0.5300153501563751,0.8482132416201542,0.8885429646791486
2.0968598806067704,0.9629735800034671,0.1185247453170799,0.6372994953188005,0.21509576395099583,0.13711373410422303
8.97652239992416,0.8223031386041324,0.08335200242902285,0.22583964367894893,0.31115302454563243,0.07690861438800954
13.305348279697768,0.7955150181304478,0.9937547140232126,0.904995300516962,0.3498649913220935,1.0042849865913146
5.936067509957292,0.8454402462287252,0.5973377129039288,0.6639982809481864,0.23687862599190912,0.5608890274894206
4.7148180490814635,0.5034951778698089,0.19514739110175094,0.9116723759859753,0.24515548390240371,0.17736380544759767
15.339022355173139,0.27114021986308434,0.8865942315581705,0.5613435999277239,0.9958200820846164,0.8938300857934744
4.693258837197002,0.3550333596247839,0.12522148673558076,0.6176390316256644,0.04766749983070384,0.12520431081041136
9.141611279490919,0.2642923857399322,0.2764295403936099,0.21637356720176126,0.5285311199269502,0.26334439261519305
7.599767898063316,0.17002061867302576,0.6647742196066062,0.707093646616396,0.09577762634122444,0.6637867877382586
6.1165947443002,0.6524979262807189,0.3639023928246139,0.75631848965386,0.5073103359283255,0.44190483539859127
9.363081990476541,0.025947894648242098,0.8992279942329215,0.09550128559894788,0.9265197035348147,0.8779689328722772
6.376007120408431,0.6543055632173937,0.02158418326351219,0.7317920686579318,0.4091919427913002,-0.038243155210881154
9.539324370008508,0.05849547703487534,0.6851302479020567,0.36167631350817353,0.4507517444722662,0.7083234894838047
4.9632329041788905,0.04797868321975174,0.1903885416935316,0.4673955056049288,0.5198694965765347,0.22686937122157513
2.6872472835279746,0.4868190745931631,0.062199805128521524,0.965242639515395,0.3398772115175561,0.08620153131769481
0.32165942941668213,0.33919797397344853,0.03189329390428286,0.8696223101977114,0.9994577062546666,0.0158081037350849
17.156368148946,0.4773160974115551,0.8271502126565944,0.21320037662324576,0.023464665687545683,0.8375777633454213
11.01955996685926,0.410466462373972,0.8808703201126984,0.11143211500730343,0.8221218576920466,0.8530643098946219
10.828379596179087,0.9673576176379779,0.9036425312690253,0.5108942792384039,0.3189660641466421,0.8906335559576554
13.323206141885974,0.21736297861042986,0.8521911564239415,0.408225542118424,0.8079476870466931,0.8385818280707403
4.281731272996142,0.9538464426857476,0.1550337709558327,0.09437650994280244,0.4530413420617536,0.15947485927830685
4.52864239755709,0.22523180286869438,0.006218605675781141,0.4590355929516514,0.6078744040840016,0.04792190354779763
6.790284482446136,0.6302271046130452,0.7323562742838297,0.6795076283482058,0.7314913899586455,0.6913155608748947
12.19256920619025,0.09217523871286248,0.08002803706862593,0.29312841449364746,0.008139293585803342,0.09258216822030912
2.589979712405791,0.9733383431664566,0.219256157470628,0.9007150709349447,0.8124655996385579,0.2015171771212866
4.180656547086242,0.448266285135692,0.050765679028762056,0.7750766626171723,0.12480511727825516,0.05228514322350067
3.9899182467009937,0.9781057511175324,0.9052156383331458,0.9350676190469662,0.014281297320923647,0.9270264020149264
10.142437402311419,0.2634150459284972,0.7883401905260337,0.16609126332774582,0.015263301505776816,0.7818551686497438
11.568752238646379,0.581640677648757,0.4575319457856508,0.1306218960493455,0.6063852528515958,0.4153195205269757
11.444682166735884,0.3598537156663222,0.9304438171465086,0.5118427507665666,0.17149508875524222,0.956980575957625
5.548033044863704,0.7115008712969397,0.016688276583710637,0.540353385917165,0.5998246106906902,0.004145994115378051
13.438614799368466,0.5482975118659323,0.6847811107854462,0.12970831584988307,0.41480698791105963,0.7130527397200335
9.717550224699643,0.46321314211673403,0.8887055730287403,0.9018490937861574,0.7774851557136029,0.8805933226388527
10.139653161507471,0.6339160843333005,0.8228136108086834,0.6736831115879756,0.5953344547881032,0.7886634608147549
7.814760039115127,0.8367830971468246,0.7181275295652154,0.48760355458611504,0.4176963944043919,0.7514985715205179
14.165782225646694,0.6175408947877412,0.693716597885955,0.3136976025565106,0.23063404467315052,0.6735039789772136
3.9806162186265217,0.6459571958885788,0.045986869429684996,0.5125369968409692,0.6674290210901197,0.05372308198675569
6.2898538289774795,0.20864632165834784,0.5168395670450618,0.9299901545243408,0.3779040621161789,0.5182498472237942
7.390619373879433,0.17217930989236585,0.6043753941725214,0.061045901991692686,0.4657392799614013,0.5729192815801517
6.7933080880104075,0.2443175404429141,0.38945554795143167,0.5149222355278353,0.10492437055209103,0.43875549247099355
11.84806915539517,0.054417710560955124,0.9436674170337,0.7203093046534215,0.47684806254021517,0.9202565688951776
6.662902377988592,0.855878866038067,0.5886015464979897,0.8956054921668433,0.6655202349961025,0.5900060285432154
2.933541896737948,0.46063118475903053,0.27028544802299814,0.07168979405100306,0.32240382297909376,0.19637955684575092
4.226579514941654,0.35185642056237776,0.5525285494402175,0.894216467689626,0.5981748852278215,0.47185444161749746
5.154725483792419,0.6833111331877075,0.26760311681966065,0.7653193882722704,0.573213239997163,0.2905948405245278
8.12871179068257,0.3399644157427577,0.3325874283511836,0.0069014163158529485,0.9017884634622613,0.34446137109715386
12.334516960659343,0.1907238029472531,0.9764707420193697,0.07376872886312724,0.01995740830531667,1.0009545254026428
2.8116382296422677,0.5907121707012986,0.49332670619819874,0.9977477048085657,0.774999089617139,0.45218372135721085
4.35326519669508,0.3262789496060603,0.06309780586283198,0.799298535392287,0.6312753612149822,0.07526473217496296
2.0486597082128886,0.49780840077447586,0.08344531808209688,0.9544123392147614,0.6353941236198049,0.07263696513059134
4.046207069538322,0.027429810618739836,0.017945652412796553,0.7399337077655308,0.7611690947238259,0.061401748705285156
7.3856548854431665,0.7202390517805686,0.5827114811112735,0.9623879098230312,0.6325100209945722,0.5946388725286433
6.092669393565206,0.09236924064501806,0.9509099707420625,0.916848597526337,0.524940651824193,0.9928072255676932
3.8563569161987057,0.5566141812930152,0.5409989876896926,0.9177789150891427,0.2730445679091149,0.4942517743943933
3.455365195945061,0.1333803134523328,0.13144818577612005,0.09048384979550295,0.17256118748148497,0.09432903753620553
4.081162733703081,0.4038961499670488,0.3684976695308686,0.9209055265135802,0.403496613418,0.3493883871939922
11.293244704822824,0.39322960982797084,0.30755511802453506,0.19730231567182765,0.5504874896093046,0.2931996497804161
11.680337075415652,0.8747633887799853,0.9046120692561279,0.4375251371830424,0.07051399700501992,0.9206438483400022
4.835646343964409,0.05291861269071463,0.024807252190539142,0.5548330763037812,0.7117382060202435,0.028144237984102146
13.89298290365017,0.8465092582007188,0.5117524799184734,0.22035227172930205,0.788124572072314,0.5206547374914359
5.044324611797559,0.7806353813242997,0.5448399234508194,0.6738007006051328,0.5501800187540786,0.5369151619476993
3.19992056127829,0.9681120708026982,0.1010609144007848,0.6192511797328764,0.4537249345361778,0.14430325896546425
7.46846642151853,0.7198833141957479,0.6849878250832906,0.890849040076737,0.7094231518827465,0.710526994808289
2.2562437988032333,0.9053740745363827,0.127315239580563,0.5132007584590268,0.8317233970536178,0.1359123297768698
4.825199933462316,0.3708848829811817,0.34234644670850667,0.4604070873843258,0.5634906558065933,0.36950657042920126
11.813914042064459,0.31550482770795907,0.6566297503608973,0.29268958404973744,0.2907133052765418,0.6164169308673039
6.938595280465955,0.5517364480404272,0.07011468053139147,0.42653660711416097,0.8880431240002313,0.0735619668722496
3.8366328872242708,0.5368252381637697,0.21761699795436318,0.9641435778888898,0.04688761134927977,0.2647820961204338
12.148776118549646,0.35206676709666374,0.8082085148674834,0.6674986163215813,0.3863065233709202,0.7980807909567836
2.4191199803769905,0.7925793621013815,0.1722027370982957,0.857121466073397,0.12922643120504174,0.1890575828384807
12.413038446763501,0.8753136875847285,0.7421495983893163,0.6794375805144508,0.011473599997472217,0.775856432826205
10.594893477445735,0.9893695730444179,0.2630431233147863,0.27119967305993997,0.6640024877679962,0.2537791736717735
4.978809242458531,0.7219157491786015,0.3401899196619673,0.3711053835277187,0.6731691033371743,0.3478280999498573
3.906079663051325,0.4080805331949606,0.06340800959736259,0.8499756592935717,0.7741578948665133,0.060864207337948645
8.548406679890581,0.18720504365595447,0.05691440325904673,0.10006127785749452,0.5368009198160426,0.07385872073352293
7.979042015027933,0.014385273951258437,0.8646393409295385,0.009867962353046877,0.3695859940156272,0.8506888679589653
5.321639156710866,0.9173574605433394,0.8559057560306156,0.7357222145783069,0.17436288071572692,0.8205064955424258
3.9035939258959593,0.5231625317020125,0.10489574236839871,0.009652559661018634,0.5919722045715328,0.13979097387249273
7.450567467021004,0.5380496784506388,0.8798251151030623,0.7780885989878037,0.09071408601527975,0.8937606152291496
9.535586273513502,0.7191435908813901,0.6426293847653348,0.46853387215297326,0.17313646412358152,0.6233497337120891
7.731420101403682,0.027364051884590124,0.98136783642,0.5261204603424283,0.06367706936507056,0.9542115273562756
9.024427316013973,0.2433790945666361,0.41529999618293223,0.7207779122451057,0.36407631071464563,0.4332376013943879
10.97742928904984,0.5505251010185428,0.7023418126825627,0.8815894357637994,0.8064855264257851,0.6938984530143146
6.8056447320728255,0.7228863304462398,0.6503275079054622,0.9757443465566944,0.23772117546632598,0.6716456629018112
8.478571963939613,0.31329094807360125,0.20814045619618238,0.36111617785775385,0.307687725464975,0.19674526480898014
5.760456253232377,0.025261267091440498,0.6915646442285448,0.038659496995878895,0.037004859528368295,0.6849397637527421
10.601865991660118,0.557627433793338,0.832349787703696,0.8705650484538767,0.6911343538870853,0.8204275095103499
2.481269929173594,0.16642978068805614,0.4073298070831488,0.8939047940961062,0.33116183695282153,0.38407667343066
6.803758684053522,0.9032176417769937,0.672533763227587,0.9133742847944137,0.41194257319309013,0.6504314169812844
18.12129931665679,0.7497171652198149,0.9900838668464191,0.26093737951049634,0.7806616924756529,1.068472998847542
6.20429308677407,0.227730945264089,0.038091228185981985,0.7643814790553316,0.46689061293089806,-0.002264339558974919
3.1168540150043595,0.324218029750303,0.04820213942815377,0.9235998851324685,0.10807775019701071,0.003039902605484139
5.730379946608982,0.8801078779848575,0.6425309464860556,0.9203109364382078,0.5891341388803517,0.6661659293941286
4.905684083773724,0.3442731614689829,0.2875508403791829,0.742249246359014,0.7105652395535509,0.2594236098994723
5.265549936644761,0.5892785758493504,0.06589848551560551,0.43960176386508576,0.4104345239627114,0.0758819309045871
5.135725111825031,0.010613618456105645,0.7207249054082223,0.8418299529394451,0.8243910014813676,0.6986407187148951
9.448639104677211,0.48503502824304223,0.5160815962532836,0.4650185341350106,0.8300892807651665,0.5310676347486362
8.838211046069901,0.5951146440956263,0.7535925156663155,0.09001989084549789,0.29995162104049267,0.7678433572094379
2.9526537356524245,0.23125672498658556,0.07913060546290285,0.05829968853761258,0.6714833227857138,0.03201779869136928
6.5636810198735445,0.09030417958300019,0.021825637033334067,0.3604478304298524,0.3786645605583483,0.0341915821802803
5.332429444030993,0.9282148024931589,0.20742542939613173,0.8748736272247928,0.18823183351585637,0.21767228334467348
5.375235400771958,0.9249688975523573,0.6252314731126682,0.9230462761723655,0.25501224066107886,0.6261219763564221
11.952483642607389,0.539982577063336,0.7681159766962802,0.31452339213465197,0.1284931089360466,0.7804422703236953
9.094061867157235,0.32948945285325926,0.9632458554587173,0.5790418876155699,0.3571891683680377,0.9046114209443102
1.7029473523457008,0.19021942243286905,0.29320764271150423,0.9205207880449986,0.86545684126396,0.25816426076872967
5.412899989438321,0.07681075443321483,0.2633324991841315,0.6499252442173435,0.34179386632732367,0.2668230508278959
7.106614539073003,0.08310253162227421,0.5534911129832272,0.13657415142640206,0.6965046818522729,0.5305071294324157
12.885493834006548,0.19499625833000733,0.6272053166458067,0.15788256850917892,0.7732093583573096,0.614894095803707
12.793359014406807,0.6397268128149911,0.6009110504208457,0.2790544662790846,0.9186036384759877,0.5968887207326198
-0.12415908761787486,0.31718234243077426,0.06572072971659315,0.8481440917223384,0.3198734739470346,0.017670384495207567
8.940832681942691,0.18755472670699835,0.48547800736320434,0.5948551611860873,0.6871287826102841,0.5667302639809968
7.433023248369285,0.3506920732756451,0.5790670125627255,0.6130227684116412,0.05990525959880211,0.5582438232761147
0.078032317225746,0.051351494947977194,0.13798600767043534,0.009562695340803451,0.9896516729247447,0.16614381206804887
10.128915656916309,0.46549530403159145,0.6631994578725688,0.978301644832402,0.8116216215797667,0.6655579514932009
3.9373152375000333,0.8508951691689908,0.19538396911390188,0.7453878084479244,0.13046424794305733,0.24496165593800373
4.652146647049978,0.20572354336281995,0.05951393438021246,0.9268613315109249,0.1702715367746137,0.10837928679324389
9.169001141597718,0.7761920425019502,0.13661270860647656,0.20546485012839955,0.26863597477851475,0.0893605595833672
13.936887421193278,0.7156387969232796,0.7281380907517752,0.3180266513954453,0.9968554011344735,0.748286980798644
9.528888736733874,0.9952208335024539,0.9582770613115983,0.7665471323233803,0.37452809586874225,0.9340005254438019
1.7633898069833849,0.9370771694789735,0.015116185119880665,0.9178842155285996,0.4212883916320278,0.006967736215962547
5.289999161442063,0.4724447254804842,0.4657138968091967,0.8599246436300569,0.045987437185908364,0.4580527022894719
11.619637698948898,0.778747050903799,0.9870422002563617,0.652036412611358,0.8671074264969132,0.939025979875205
-0.01765039147960401,0.6442413900100039,0.0918447615832847,0.8843232635893092,0.46025169087141715,0.06318191950919526
8.540227193212841,0.9124571730286475,0.641470077934466,0.1570896017608534,0.7475655335020188,0.6217308254184349
9.19934570202346,0.2736966419345961,0.30037234013938496,0.5045598192706344,0.6457725905806253,0.27313934063496553
7.700198785965245,0.12173054570590724,0.5289037734676203,0.8174617102708535,0.7621555276556375,0.4788836529155556
5.949631958757338,0.6792240119970001,0.271620366879048,0.05328860806435154,0.5101112648786954,0.23739737858100537
12.053765644033874,0.2360265477742267,0.7271558218944081,0.05645081583672207,0.26093578685766605,0.7385943675197375
6.8336385110759705,0.58478382785961,0.20420820936078332,0.7159249946799808,0.31138387508800425,0.24391512206997767
10.06120921091532,0.46157009623699374,0.7887901389881877,0.6961897197704789,0.8737262393147187,0.7905873617050875
2.9456656444705454,0.2662927290280592,0.5889991515613844,0.966920264864404,0.24067930603382526,0.6318536499374917
7.514580609786264,0.28305334310448815,0.649384840409202,0.8273362707340757,0.29932216532245937,0.6523038138280557
5.271745343212833,0.5583631067666763,0.2591087304809203,0.03705913301191832,0.7895428209058917,0.25746752952245344
6.339151579836187,0.790675726786388,0.3757346777222883,0.8849046479100366,0.5036759472110854,0.3812050725771928
16.06333471165879,0.5872763972852071,0.9611122619960777,0.3091258697859074,0.47572043091764327,0.9922490172524653
11.456428309360366,0.6367744018958639,0.10414080847527996,0.17767817941206232,0.5666256954391498,0.10471860549009457
6.23741186443881,0.43719522366462416,0.5338884984845231,0.6214546759852668,0.8946288955382358,0.5350301876277272
2.6633633160998706,0.7116463144185572,0.6747190412963053,0.059408152769774736,0.43833241974862514,0.7189453378971011
9.50071777800535,0.04482144522898035,0.838784298124442,0.10475615078600242,0.12281471692201995,0.8304739596988288
10.878397618694862,0.09864269249302593,0.46573116675737114,0.29237038094292944,0.04600167158801538,0.44959318030402234
4.833596522518404,0.11587811779002655,0.30464982134481944,0.507031992154048,0.8226764204626504,0.2530890738508141
7.204591402489757,0.8646980844945444,0.8959565298010923,0.46237478313598723,0.46094996994266957,0.9366455887540888
9.51399440906201,0.2103720515040599,0.7817824976809173,0.6055232246041633,0.40586498538136073,0.7904234122327212
8.849673176691265,0.11974644859606332,0.11600720643065321,0.34758838321925833,0.9410083554635404,0.14717405236532638
10.52520565655423,0.7632048260538071,0.8087112147787461,0.6122562987122018,0.5632446925857799,0.7813323487825382
5.908569743509805,0.576381331717299,0.9937830758027788,0.011979217612417381,0.4637891038561892,0.9958966426824726
9.016740105082144,0.46510393212174383,0.633022851555137,0.09179107007609444,0.34038894382484175,0.6173923107386391
7.348963605165516,0.3672690119773334,0.6545471670169261,0.49979582030875136,0.9472322029436093,0.703217842179489
11.372716935930738,0.33418629163191294,0.36734684551423835,0.15522087989124467,0.041498067239278624,0.39717475751771786
11.514643143940093,0.7462671269383752,0.01328519359505731,0.22299812254242446,0.9050539865490452,0.01939807239840701
3.2542676767925807,0.2706220933442307,0.4696013579976246,0.057802324527235216,0.4371148969678944,0.4272020625005474
4.159085716371186,0.6010018396607677,0.41260856662588385,0.49975341336862034,0.00028343241848038936,0.36130708949843177
2.95195202576138,0.053183706466115366,0.1366017599040823,0.04992883773391066,0.6434334754809281,0.09227211756575479
1.7201787921556635,0.04293292004056526,0.42065314549664845,0.6962271246722835,0.4723167143377678,0.4629897728956214
16.291387365245537,0.8108569884191765,0.391573473993011,0.27501568808944055,0.2043270736071905,0.39071818803648645
11.655181484671063,0.250019290641164,0.09134641083726058,0.2666899772075422,0.7909193876162917,0.10454987811186829
4.233167855138082,0.015231453462132283,0.2456964346598811,0.6282947395274905,0.44488668476327176,0.24095265215846495
13.019523642116418,0.7115560360134665,0.13674624853631134,0.31651248791932685,0.3842851556250386,0.17982308174298023
14.217147256792034,0.3866299101577191,0.9809666230780649,0.5982549729296718,0.8912926782994661,0.9831469839518944
12.676172027615532,0.49028893615393465,0.7925076180111974,0.4261999363442308,0.43477197251602107,0.8081716879233753
7.921241344413481,0.5027439697470859,0.5365207863796895,0.6224291799433266,0.6061889622884942,0.5550657479528429
12.503995017350595,0.21342921925680147,0.4749821417216509,0.16235481385357242,0.23488360289862964,0.48101342720972295
5.420342923303257,0.08419958118546012,0.6061368907607894,0.005880618089953105,0.415125899656251,0.6111811348447119
8.76816345166796,0.4326171330714961,0.7223054626328833,0.6397117433385635,0.9726494207515168,0.68233411570092
10.087881845400616,0.08865798160377025,0.4253399831329596,0.2608217518987681,0.2806557917526251,0.4598577478614655
7.18585226663714,0.5635959189033992,0.220771217638158,0.3753862779320505,0.006578296747261847,0.19031870067671208
5.97539910316314,0.6981163274534348,0.03637532823994083,0.10821930779050914,0.6688458716849648,0.07737398247277456
4.439198734859381,0.637859142639972,0.24960712151517828,0.9136986520787522,0.29163030757400565,0.23084167221494753
11.752091568847383,0.9746843881364291,0.7446879283065617,0.3508650621951983,0.6078678136391023,0.7433463850355285
15.045462722464297,0.4082750227575185,0.9852755025317428,0.4723943345807997,0.8184864611554421,1.0087444719419671
6.076728548875204,0.06983605514063873,0.22207647633116334,0.9014899810336978,0.32099517047831494,0.2481860435272353
10.190129316662325,0.4081333036517565,0.9141479917113597,0.08285664116334446,0.5428334266929704,0.9230328737357955
5.561893770146014,0.261019474969711,0.23530944375734753,0.7014114457368616,0.9779027720284621,0.2475160658280422
7.783527600298653,0.9980307978958822,0.6301159697075978,0.3680491405634301,0.6494052007201636,0.5752670423385516
14.948411192126017,0.08979429292808794,0.7989166759296384,0.19902400537160703,0.07287970250708153,0.7942748383526148
2.152531447126747,0.3281756456685867,0.12391355903793788,0.7662553635642892,0.046082048480721394,0.16445084800600543
3.7318552210974003,0.7653218579715158,0.28174081012171825,0.9421521122793919,0.9827343336201135,0.3074577275494344
4.512551805852789,0.15529058481183755,0.4846254656301163,0.8914524966140298,0.2494121868121999,0.5164741811320064
6.030935561702508,0.01874223299635336,0.6236195167140697,0.608716455900187,0.5522812588292123,0.6115306628949169
12.246443130853407,0.7826385868778352,0.99089078458213,0.4292410295270743,0.16095152093675846,1.0021357233095882
13.358740587567363,0.6338488972913026,0.8152230671903749,0.3086367086173183,0.3311209930717973,0.7966063038590147
6.961426542355007,0.7477901298503391,0.21063048925272732,0.5208205799146954,0.9110688883665341,0.15224867137818657
4.139923211473663,0.3920630201834354,0.6296379687727067,0.035395100322318074,0.4092736679152209,0.6433610158972607
9.571388656621565,0.5474046796945036,0.8803342756511576,0.8313930423841349,0.6204148170563266,0.8675162819860759
7.101613125203629,0.11235596409516568,0.12189113349389968,0.29107936233250653,0.4034183134856446,0.12806436800745485
2.6329542054419286,0.5885619112370422,0.04023866876956417,0.9415669251541765,0.48101940197050386,0.042689832938384256
6.472244714339942,0.8353204899549376,0.9074723663005742,0.861711278741564,0.07541750436589179,0.8996482558712428
3.6630425276804512,0.07712279310323633,0.20905811040850963,0.5035632374618395,0.998548929096611,0.14025104469101324
11.726278741596579,0.23904675894378813,0.6958970623637617,0.4058665564439208,0.005524124898074856,0.6975571742811785
9.35461063039663,0.735036803600883,0.5665556547655983,0.556962271720242,0.7254690351229154,0.5876942119105686
3.81513177446788,0.07139403242990117,0.2983908154713808,0.5135986787964879,0.8807966900123687,0.2540591433104835
2.8897306854988183,0.5985785913403361,0.28686057969325063,0.7827751792780744,0.44512007886496385,0.24563165194583206
12.909623037130883,0.5983749360828987,0.5638824530736497,0.1635786318037078,0.9897336570762119,0.5720259950956692
4.875596736948018,0.942116472498767,0.1393577530813237,0.5895973370015719,0.4362313037825949,0.12187692436447592
9.14517287856977,0.33297688447053164,0.9355045582136587,0.9382704847098464,0.377856408279178,0.8874722950237824
9.398230518815593,0.09877545995959314,0.13037225259212226,0.2058794374085966,0.9779011093855616,0.12159463331417145
3.957789690325635,0.24869786071026678,0.3613281032243689,0.5085155285661729,0.2268918397632178,0.33673796874958695
8.328853144626864,0.9609883718539234,0.6948714593433887,0.5330618441475277,0.9278717335312983,0.7187455204089301
4.65099485502552,0.24416047880601965,0.6896827733935971,0.9336479870451262,0.9597769512281276,0.6714092846635756
6.422043622215988,0.08389390681372788,0.13115053497509166,0.44053938943285265,0.11396362323305054,0.14075823237396357
10.152398361620008,0.8984848201840021,0.993936879949608,0.5804149624349588,0.15878667308736105,0.983718222444624
7.360582422566615,0.06823108268274569,0.41284329082978344,0.6590918497811982,0.6926377179071344,0.38200720364657903
7.8085790559441355,0.543035614002551,0.4180388342934953,0.3629921867042858,0.5631054284621826,0.39762314500511764
6.259127372281528,0.6003057349945771,0.08934331200049783,0.5973246265990315,0.7302983713728939,0.043071024064909536
3.3782488900773573,0.3797547054455974,0.6303940228684617,0.7680304371825126,0.37425297887993914,0.5923278894944454
9.093623571434271,0.5724547194386604,0.7397835200333565,0.10896154670157698,0.7543992591677415,0.7268830802180636
3.884933261745489,0.005552663621737786,0.10787402831937265,0.5661407831619942,0.04649898597287572,0.11578660944490463
9.589357531253448,0.15927765275391081,0.10593292339335303,0.14573000810590542,0.005943161131928942,0.07349785365482592
11.037332240702513,0.9946098153053962,0.7837405329846301,0.3405534593672017,0.11810536883412004,0.795603621243177
11.51336094318317,0.9248333143715022,0.8237358815676128,0.0959735503332031,0.23082217755536028,0.8175127592378626
15.614509658571984,0.2996296718111471,0.8167573386935483,0.3070259150604624,0.7349222654841872,0.7921889470478531
11.336324942705666,0.7919465092807345,0.6599510913527371,0.19609756340404272,0.5794381304202845,0.6520195838051723
5.950300305287311,0.4240240600513496,0.5345868016737132,0.7981291684007414,0.4848872092193739,0.5197356472643068
6.244219862331473,0.954543030526124,0.44731876480887145,0.5142482604342489,0.9727265587247045,0.3849688214642059
10.892989994149087,0.7429082991451661,0.2363045952804692,0.5143021563629881,0.11001464343737521,0.2562897202924182
11.170062170417205,0.30185836128223165,0.7395875807373129,0.6211162889138129,0.6029511368596896,0.7528850389477898
6.627861681765859,0.24161811166593172,0.3305924220936829,0.6230797681113063,0.5269423004030502,0.3635476295232458
3.182261310349437,0.40912493535077465,0.5510473142836556,0.82308916869882,0.1639538201615578,0.5667013662766205
3.7928655656097963,0.7550184108580049,0.05926337279736327,0.02185648461445866,0.03208016256000823,0.08411383383132782
5.269101415868532,0.1660596096510505,0.4175833455185811,0.6919374172400068,0.9010491420178546,0.4217132097186483
13.411407778011613,0.2613744770609874,0.5373634354625103,0.20966181685357155,0.8614787215373745,0.5189401401549498
-0.9062261717007103,0.6823443399193705,0.17793851956835405,0.9268914968012774,0.6299279612525808,0.1790726771077711
8.941286336656507,0.4030540412916801,0.39815473261792933,0.5403281725803197,0.0405116178920375,0.3762582297429455
15.228076502260341,0.5787323334062093,0.9744472105835242,0.5789218130511706,0.22044378751067972,0.9654448447751344
5.093243374526674,0.4419557740022344,0.516513776725025,0.5481223662789751,0.13606632568764465,0.5974454215199122
14.24095983439218,0.5459412978521065,0.6050120627443474,0.14287517851130915,0.8730096781834304,0.6046685651860422
6.148075086222049,0.40210025717016107,0.44524555897823404,0.06555186319141892,0.682784233245185,0.42367023684710936
11.796713781344504,0.4667358386085194,0.9430516940093261,0.4298275080234366,0.5517481732058322,0.9243204855921143
5.694142418572298,0.6549436901318775,0.3842145490038178,0.5751957270381911,0.7982184611696679,0.44319581173922273
3.6252875178106008,0.3478098819541331,0.5811420479025271,0.7233952920111473,0.0406563265009916,0.5839399550575608
15.178712144278494,0.3628024603825899,0.8413966074295083,0.16887976365989577,0.03586213049805376,0.8548314471156011
12.086112275031049,0.3094392811974416,0.8939543430181982,0.6346081793827216,0.7806501737623526,0.8753444510924826
17.194086611148375,0.07391077009875335,0.9980026357547771,0.2554965501217099,0.7455473018080916,0.9365650078294704
8.421725499906335,0.8867448470055119,0.6208873133266395,0.11058679214727563,0.9198037598841962,0.6326658848073957
7.9519924369078225,0.8499986557532351,0.6262371209505302,0.11375328604997459,0.27049022317462024,0.6931815548921102
7.71567346063498,0.2921173913363655,0.45017312577236823,0.4177097347792085,0.9187898409742592,0.46456649630755376
11.49609011900312,0.3524482044032078,0.43977178798160277,0.29316046585072497,0.04355040674051436,0.40436003909681434
8.329284208208463,0.44431670497422426,0.5306488145433059,0.853830374273771,0.9903246023068908,0.5042482422033425
10.532680856812936,0.3032264307649628,0.7225689875686483,0.41120220194026325,0.2651552604413141,0.6931377878392744
7.385308147425184,0.2793363576119423,0.46441041977006625,0.6680428088908312,0.7832475982986584,0.4808274144950992
8.162720314089222,0.70668133581576,0.7134080377109964,0.6710448479304276,0.2951956545120995,0.731181681344905
7.291962879184149,0.5282125251915033,0.8484956636372787,0.44131495090926354,0.4390128034766614,0.8344710607968414
9.342739689989621,0.7022821423885994,0.15056157362329592,0.4643114447749379,0.5231567221778357,0.20723874246705531
10.845739674245415,0.13353581130118553,0.7708219222827344,0.5912786886068107,0.8713696404258187,0.7755408204373185
6.871773402937385,0.3325351942696273,0.038922994248713705,0.575836673762647,0.7189968397250488,0.020378905635904665
2.0368867220264146,0.13578522722638686,0.2260209921531775,0.9073375425435843,0.050422659672674675,0.2424097618787112
3.5054439314553414,0.17597017573807006,0.6215252527737984,0.06556776293549849,0.28367761450437556,0.6153239066817147
5.6991912672644744,0.0427683863390953,0.908833422858266,0.03972678557722431,0.582601511455199,0.9514219434767271
6.617059033656332,0.31292080264981403,0.5246110556069343,0.9648525929883314,0.6731439513274955,0.47450473615341615
15.079788150204768,0.1320707954433289,0.9661733382348692,0.32671204845230295,0.6223071862189984,0.962789491663595
8.466553333674224,0.40488212932185474,0.21599942284988138,0.34882935993436903,0.44534579850666267,0.21388652427406646
7.730877206075594,0.5230795915269408,0.5581248953039164,0.7471848809473343,0.5152418715567648,0.526715313285335
11.10629563215498,0.18950047432550576,0.32453155280412327,0.2017004765916366,0.4234788891938417,0.32295582216151114
