"sigma_obs","beta_intercept","sds_s1"
0.302179,-0.100615,3.71761
0.323931,-0.0998895,4.03378
0.311393,-0.125822,2.26163
0.321452,-0.098119,2.97528
0.305458,-0.134402,1.20309
0.299743,-0.115432,1.42078
0.33284,-0.0982786,1.70781
0.295901,-0.0634193,1.66361
0.344044,-0.160755,3.53206
0.289663,-0.064099,1.62978
0.328162,-0.114023,2.13033
0.337793,-0.135533,2.16618
0.305595,-0.0983792,2.60492
0.321747,-0.138535,2.45185
0.331119,-0.14139,2.55032
0.2962,-0.0982697,2.37842
0.341098,-0.110673,1.93546
0.322186,-0.083818,2.19051
0.303348,-0.135372,2.42517
0.315178,-0.097085,2.97416
0.321333,-0.0983851,2.62469
0.29906,-0.11545,1.78297
0.316974,-0.0907395,1.91188
0.31777,-0.139535,2.74433
0.334709,-0.0624082,2.1478
0.322182,-0.0545006,2.06356
0.299397,-0.160476,2.26838
0.338873,-0.106402,2.27199
0.300262,-0.0932935,1.56804
0.311773,-0.109959,3.33707
0.317158,-0.099162,3.11351
0.317151,-0.139496,2.22431
0.317202,-0.0996338,2.12762
0.326938,-0.0983406,2.01318
0.294331,-0.0923774,2.52268
0.29515,-0.107634,3.32453
0.338005,-0.11808,2.49686
0.347559,-0.107344,2.54262
0.278538,-0.105709,2.3567
0.300436,-0.128146,2.14633
0.302541,-0.134165,2.21852
0.322189,-0.104266,2.31178
0.298988,-0.123886,3.60458
0.298524,-0.115462,3.89589
0.304347,-0.12998,4.34153
0.324332,-0.100334,1.47477
0.325758,-0.141883,1.46049
0.338668,-0.134769,1.37691
0.287798,-0.0805332,1.97873
0.319361,-0.101806,2.01795
0.331996,-0.0855837,1.9525
0.30883,-0.139936,2.41372
0.324491,-0.103584,1.8404
0.325249,-0.0934332,1.90436
0.342988,-0.088909,1.87468
0.321218,-0.137264,2.27948
0.316653,-0.0953326,2.78812
0.319138,-0.135658,1.83878
0.316587,-0.105375,3.30981
0.321501,-0.115987,2.19288
0.341283,-0.127539,2.89727
0.303189,-0.112716,3.0949
0.294764,-0.105556,2.8014
0.305492,-0.113663,2.67856
0.312901,-0.118839,2.62874
0.312597,-0.106292,2.57007
0.295859,-0.11037,2.62935
0.336539,-0.119348,2.04342
0.294014,-0.083449,1.84289
0.292813,-0.0946675,2.01546
0.324791,-0.123688,2.39835
0.332742,-0.105542,2.72061
0.332147,-0.134883,2.93289
0.301363,-0.0896219,3.38277
0.301346,-0.0977847,2.74694
0.306445,-0.0946531,2.75101
0.309849,-0.0968069,2.44503
0.327518,-0.144569,3.06704
0.304322,-0.130186,3.47429
0.306917,-0.0918431,2.69782
0.316565,-0.0949829,2.73715
0.299909,-0.0803973,2.10328
0.342407,-0.145164,1.9562
0.30362,-0.0736848,2.60882
0.297629,-0.0663781,2.77162
0.314923,-0.0912149,3.77425
0.306323,-0.128301,2.63033
0.316493,-0.0973386,2.42787
0.292641,-0.101624,2.39254
0.346277,-0.14098,1.45991
0.280328,-0.100233,2.84352
0.302348,-0.120268,2.88542
0.303499,-0.0939802,2.55989
0.320101,-0.132696,2.93356
0.306765,-0.137899,2.83362
0.309839,-0.134569,3.08185
0.297763,-0.111067,1.96023
0.333752,-0.11196,3.01476
0.306731,-0.126168,2.47581
0.324364,-0.115256,2.34182
0.308042,-0.0999244,1.99433
0.315014,-0.131032,2.49
0.295181,-0.0995664,2.48948
0.332383,-0.136048,2.53298
0.322558,-0.128649,2.48771
0.314066,-0.109595,1.94171
0.324949,-0.123083,2.66535
0.335769,-0.126536,2.9038
0.325925,-0.119748,2.64035
0.322228,-0.10687,2.69252
0.323545,-0.114649,2.67207
0.311647,-0.0782184,2.38777
0.308731,-0.0598513,2.75431
0.298212,-0.114049,2.12593
0.314914,-0.0948443,1.98374
0.334957,-0.088556,2.01088
0.30295,-0.137689,2.17925
0.338254,-0.0802721,2.60394
0.304253,-0.146465,1.78962
0.312691,-0.146439,2.04234
0.311856,-0.139156,1.99511
0.33188,-0.0950208,2.7138
0.31062,-0.0846014,2.55993
0.329022,-0.0887855,4.00393
0.309719,-0.13759,2.68309
0.313893,-0.0744594,2.67224
0.304901,-0.113705,2.3907
0.287371,-0.09915,3.72588
0.291021,-0.0873628,3.34411
0.310745,-0.105423,3.26505
0.318761,-0.0999909,3.96992
0.368293,-0.0867782,5.57893
0.265187,-0.136076,1.95685
0.365987,-0.0807432,2.42268
0.283569,-0.159213,2.71949
0.349069,-0.0574816,1.8129
0.328983,-0.068385,1.70104
0.31659,-0.129942,3.20569
0.316349,-0.125088,2.71199
0.32125,-0.125487,2.57032
0.313477,-0.120174,2.88444
0.314903,-0.120802,2.88247
0.309658,-0.104332,1.99661
0.31803,-0.104809,1.94687
0.307538,-0.127292,2.65475
0.298868,-0.10977,2.86045
0.301732,-0.113218,2.83053
0.308739,-0.121525,3.24504
0.298771,-0.126077,2.93589
0.321929,-0.0849247,2.28083
0.329202,-0.0446451,1.81825
0.304017,-0.161861,2.32845
0.333755,-0.0558162,2.14125
0.295462,-0.172102,2.38335
0.319902,-0.12783,2.18025
0.321849,-0.107658,3.74053
0.306976,-0.117842,2.62275
0.30032,-0.112096,3.48096
0.34594,-0.121329,3.18389
0.30524,-0.130449,1.89917
0.300865,-0.101326,2.71734
0.316812,-0.153582,1.82405
0.318213,-0.0743141,2.36972
0.294812,-0.0952529,1.86803
0.359677,-0.139909,2.31524
0.283353,-0.103889,3.41335
0.35082,-0.11825,2.4003
0.283915,-0.111836,2.44053
0.347165,-0.11567,3.91018
0.295735,-0.0967011,2.02138
0.337414,-0.143414,2.3853
0.333051,-0.145128,2.43219
0.29945,-0.0807334,2.35636
0.32837,-0.133176,2.51174
0.315784,-0.124669,2.41528
0.301444,-0.0864822,2.36825
0.320726,-0.0875768,2.84954
0.312729,-0.144106,2.93225
0.327214,-0.140746,2.67391
0.308081,-0.0977154,2.14082
0.317845,-0.0973816,2.13172
0.312863,-0.109152,2.75174
0.323496,-0.105714,2.94388
0.323292,-0.0952186,2.67396
0.331529,-0.137998,2.76933
0.32076,-0.13461,3.15378
0.319332,-0.0823173,1.85265
0.317402,-0.144363,2.80391
0.316898,-0.0677168,1.99171
0.313178,-0.150402,1.87419
0.325122,-0.0811531,2.25155
0.3054,-0.140843,1.82381
0.337844,-0.126056,1.82041
0.334901,-0.130854,1.98355
0.293646,-0.110929,2.91125
0.302567,-0.0894592,2.59287
0.311501,-0.133913,2.83967
0.324695,-0.114601,2.43325
0.315018,-0.0877294,2.30421
0.31753,-0.0991546,1.89507
0.310249,-0.125595,2.80857
0.343339,-0.098497,3.01643
0.338594,-0.0972344,3.03857
0.302709,-0.0955366,1.96897
0.28633,-0.139383,1.82625
0.337334,-0.0820609,1.6048
0.310755,-0.111694,1.75654
0.30555,-0.125308,1.32243
0.315635,-0.163121,1.47027
0.324153,-0.067066,4.72654
0.31049,-0.171106,3.80098
0.328154,-0.114057,2.67372
0.311347,-0.11299,2.31838
0.301892,-0.0870694,2.31972
0.317699,-0.0707904,2.44215
0.302776,-0.11948,2.00043
0.31004,-0.11629,2.19135
0.30418,-0.137605,2.32143
0.304075,-0.129097,2.31639
0.306522,-0.133926,2.06471
0.324175,-0.106267,2.15121
0.270354,-0.105525,2.58642
0.306566,-0.14026,2.12341
0.309543,-0.134054,2.18847
0.322282,-0.0820985,3.19539
0.31767,-0.0933606,2.66808
0.305957,-0.131988,1.86069
0.36125,-0.127013,3.79405
0.299453,-0.129801,3.90539
0.311824,-0.0875883,2.47646
0.3606,-0.0679963,2.59229
0.280659,-0.118787,2.55516
0.321891,-0.0853465,2.38189
0.325963,-0.0839788,2.12387
0.304057,-0.100149,2.35267
0.316717,-0.138165,2.67463
0.323002,-0.081148,3.2711
0.302758,-0.126986,2.78345
0.316756,-0.10313,3.7341
0.314484,-0.101371,2.61295
0.317477,-0.131878,3.13804
0.304321,-0.0784655,4.01179
0.304241,-0.130706,3.20506
0.292288,-0.157665,3.30303
0.304083,-0.123825,3.22516
0.313336,-0.0958358,2.41373
0.305729,-0.125982,2.76581
0.316866,-0.10531,2.52971
0.316972,-0.120022,2.8971
0.318858,-0.104968,2.56165
0.299196,-0.11237,3.64961
0.318648,-0.0970126,2.81224
0.312115,-0.138524,2.96679
0.310444,-0.119841,2.55354
0.300334,-0.0837903,2.6108
0.329501,-0.145788,1.62289
0.30569,-0.0975261,2.26436
0.308449,-0.129252,1.60319
0.315353,-0.142499,1.87654
0.329726,-0.105586,2.31651
0.322779,-0.0978051,2.47495
0.328785,-0.153563,2.4018
0.344541,-0.107689,2.54519
0.304415,-0.0991969,2.82271
0.315378,-0.138053,2.22219
0.30848,-0.130304,2.52153
0.329011,-0.117779,2.43
0.300551,-0.108538,1.7661
0.322198,-0.0775065,1.9575
0.313544,-0.161437,2.41456
0.32121,-0.0951008,1.89456
0.328654,-0.108246,1.67799
0.297443,-0.0975914,1.88399
0.324488,-0.116334,1.67641
0.32431,-0.0778518,1.75142
0.319412,-0.110473,1.54725
0.34133,-0.114797,1.96959
0.305156,-0.11469,2.44741
0.324873,-0.125755,2.42671
0.301848,-0.092993,2.8333
0.30263,-0.0986694,2.9463
0.328324,-0.136648,3.48026
0.281326,-0.11766,2.23909
0.280162,-0.119011,2.22885
0.342319,-0.101633,2.19933
0.291278,-0.121886,2.74939
0.34868,-0.105259,2.32555
0.315418,-0.0960642,2.49593
0.337512,-0.0938444,2.39816
0.340831,-0.0867133,2.21373
0.304738,-0.132859,2.53471
0.280997,-0.0954554,3.74619
0.319102,-0.119586,3.84766
0.296738,-0.113914,4.73191
0.319471,-0.0940255,4.48055
0.317509,-0.107472,3.37144
0.329301,-0.105192,2.41603
0.328264,-0.107857,2.72853
0.295888,-0.1175,2.10818
0.327157,-0.0937837,3.02652
0.326826,-0.173066,1.95351
0.314047,-0.0454167,2.00527
0.310824,-0.118768,2.21378
0.326148,-0.112404,2.69628
0.301512,-0.113532,2.87722
0.300406,-0.10679,2.71984
0.32475,-0.114598,1.96529
0.297987,-0.141742,1.91874
0.29751,-0.143525,2.36937
0.315146,-0.128351,2.46007
0.300481,-0.128498,3.37702
0.283688,-0.143821,3.61816
0.351394,-0.0831199,1.94321
0.350028,-0.0928859,1.79901
0.333608,-0.110662,1.96763
0.300823,-0.105242,2.74847
0.334395,-0.105236,2.79225
0.30316,-0.140999,2.83356
0.322648,-0.117751,2.57692
0.330993,-0.0992691,2.05701
0.352011,-0.104897,2.39151
0.340085,-0.0943333,2.45927
0.302146,-0.110059,2.59803
0.320145,-0.124106,2.096
0.323678,-0.118129,2.09219
0.331194,-0.160573,2.51824
0.332657,-0.119715,2.83739
0.330112,-0.0925295,2.44383
0.304865,-0.132126,1.55963
0.294355,-0.107649,1.50401
0.298132,-0.104879,1.50681
0.326382,-0.132184,2.76975
0.296238,-0.112753,2.51407
0.314967,-0.117613,2.69548
0.301856,-0.163299,3.84979
0.315331,-0.140259,3.49827
0.323646,-0.118283,3.94662
0.308736,-0.0944547,3.3019
0.316861,-0.0937475,3.18491
0.313612,-0.1115,2.59107
0.299439,-0.104671,2.56988
0.332756,-0.114644,2.36877
0.326555,-0.14078,2.33185
0.327426,-0.135176,2.46697
0.337393,-0.144157,2.10959
0.31652,-0.0934687,1.91839
0.300467,-0.105158,2.47212
0.312148,-0.127518,1.92995
0.324633,-0.0894226,1.81363
0.331827,-0.116612,1.84355
0.284093,-0.1257,2.35282
0.350877,-0.0983679,2.81152
0.320597,-0.111199,2.70749
0.326177,-0.149286,3.84071
0.341112,-0.15166,4.14413
0.304393,-0.112295,2.37182
0.302499,-0.133725,2.91079
0.302675,-0.132866,2.86265
0.327535,-0.106587,2.29336
0.29479,-0.0635872,3.10023
0.300568,-0.0868512,3.06311
0.307713,-0.114363,1.71284
0.312307,-0.129987,2.28883
0.305453,-0.116489,1.87908
0.328618,-0.0974985,2.03477
0.330006,-0.0872509,3.02394
0.303444,-0.131676,2.15597
0.310225,-0.135194,2.43487
0.308673,-0.105502,2.06875
0.336856,-0.133937,1.745
0.303634,-0.118162,1.86811
0.314674,-0.0954047,1.70101
0.307601,-0.0978279,1.73972
0.351469,-0.126159,2.26178
0.312034,-0.127408,2.39687
0.321168,-0.0946606,2.30593
0.315927,-0.137544,2.12992
0.306273,-0.0886802,3.22435
0.316466,-0.137114,2.81306
0.332022,-0.119495,2.35235
0.29782,-0.132358,2.46752
0.313323,-0.115138,3.40711
0.309298,-0.119037,2.41909
0.319495,-0.103996,3.52716
0.314286,-0.138922,3.40402
0.309377,-0.126889,3.06758
0.30105,-0.113344,3.01567
0.305931,-0.124692,3.27557
0.319564,-0.0925693,2.36793
0.319139,-0.0970744,2.35028
0.319463,-0.0968594,2.40423
0.316627,-0.0922771,2.46217
0.34301,-0.084471,1.69478
0.301624,-0.124376,2.1179
0.328809,-0.0932018,2.0561
0.316633,-0.120941,2.08403
0.307016,-0.103472,3.76489
0.300235,-0.111982,2.32624
0.30761,-0.110175,2.58591
0.312995,-0.148751,2.06307
0.28438,-0.133128,2.60252
0.319571,-0.11217,2.70669
0.299328,-0.0883858,1.76011
0.303281,-0.125074,3.06866
0.301979,-0.126335,2.44565
0.294637,-0.100863,2.42628
0.345598,-0.126658,2.16842
0.299004,-0.0991039,1.66867
0.300478,-0.0944939,1.66083
0.299668,-0.122025,1.9799
0.303065,-0.108116,2.16741
0.313245,-0.110456,1.91411
0.305718,-0.114682,1.83289
0.3242,-0.122163,2.4113
0.309644,-0.0811789,2.11835
0.31162,-0.110896,1.90989
0.319545,-0.131128,1.75702
0.324033,-0.0889979,2.05312
0.321196,-0.0856798,2.26087
0.301071,-0.106075,2.36907
0.3088,-0.0655495,2.94571
0.320052,-0.157562,4.04186
0.278779,-0.125413,3.28933
0.344738,-0.111885,2.48152
0.320155,-0.121425,1.91292
0.309996,-0.0824809,2.35039
0.320313,-0.0893146,2.62191
0.316333,-0.0882526,1.94318
0.318308,-0.142806,2.45661
0.316032,-0.0751669,2.29389
0.320178,-0.108747,2.2197
0.292565,-0.100912,1.80178
0.337253,-0.113539,2.09395
0.288604,-0.110176,2.8229
0.3449,-0.110395,2.16329
0.293878,-0.130563,2.75655
0.314639,-0.115799,2.5316
0.313625,-0.107998,2.34465
0.313795,-0.120311,1.92773
0.312869,-0.117839,3.18858
0.331413,-0.0851513,2.76442
0.32296,-0.135021,2.50173
0.309316,-0.136844,2.23207
0.311068,-0.134371,2.49604
0.312445,-0.107622,2.61894
0.3258,-0.0962618,2.64046
0.296187,-0.128363,2.56775
0.333521,-0.101758,2.90345
0.3287,-0.104228,3.31301
0.324191,-0.113593,2.16143
0.322613,-0.125957,2.55871
0.319678,-0.114283,2.57118
0.304676,-0.121376,2.60506
0.317319,-0.108363,1.89085
0.306816,-0.140279,2.28371
0.311663,-0.0968978,2.6125
0.321495,-0.108387,1.841
0.292651,-0.11438,1.59226
0.311573,-0.0985738,2.07948
0.325369,-0.101088,2.07031
0.321253,-0.0764798,2.19985
0.289668,-0.122983,2.94999
0.318166,-0.0972484,2.32178
0.317967,-0.12757,1.99667
0.305661,-0.137522,2.24013
0.320016,-0.087833,1.67825
0.314283,-0.0922558,1.60802
0.298013,-0.095954,1.8598
0.306388,-0.0939115,2.17506
0.315847,-0.125881,1.98092
0.325127,-0.115255,2.26743
0.317748,-0.100573,1.95594
0.314342,-0.115731,2.13094
0.297305,-0.118538,2.45795
0.296439,-0.0926508,2.59322
0.342874,-0.108719,3.11354
0.336326,-0.103557,2.85428
0.289644,-0.12121,2.08446
0.2878,-0.112412,2.42966
0.347732,-0.142282,3.39933
0.29711,-0.0684286,2.20276
0.344299,-0.153851,1.36976
0.297652,-0.100108,2.72738
0.349931,-0.132106,1.71638
0.326273,-0.130282,1.48619
0.312937,-0.0923395,1.68094
0.304346,-0.128721,2.75834
0.315035,-0.103016,1.80522
0.320496,-0.109112,1.8052
0.294131,-0.110663,1.70634
0.331868,-0.100077,3.09657
0.33901,-0.130753,3.577
0.306217,-0.11076,4.54375
0.303569,-0.117451,3.70586
0.324599,-0.127831,2.5778
0.332882,-0.108755,2.39194
0.324854,-0.102228,2.28599
0.333855,-0.119486,2.071
0.308037,-0.114893,2.85165
0.313302,-0.123262,2.44241
0.311911,-0.14811,2.41955
0.321203,-0.112439,2.25773
0.324492,-0.132558,2.48419
0.333869,-0.144769,3.09515
0.330111,-0.119105,2.53064
0.304264,-0.129726,2.79158
0.346404,-0.142452,2.47022
0.296542,-0.0960982,2.83206
0.332503,-0.151444,2.01161
0.290794,-0.0897538,1.62197
0.28825,-0.0888819,1.61674
0.36441,-0.126342,2.18954
0.2585,-0.104988,2.32519
0.306157,-0.123765,2.12951
0.342282,-0.124425,3.04979
0.29262,-0.103185,1.79916
0.333507,-0.111522,2.99898
0.320867,-0.09438,3.15445
0.308167,-0.133875,2.9587
0.309175,-0.105747,3.06073
0.325719,-0.118887,3.40362
0.341885,-0.146533,2.47482
0.299545,-0.0932951,2.13508
0.299758,-0.109692,2.30998
0.323256,-0.117967,3.05094
0.303427,-0.0702684,2.37093
0.307756,-0.124364,2.85841
0.285996,-0.136473,3.05794
0.316206,-0.135104,3.10361
0.312195,-0.134655,2.90118
0.305709,-0.110024,3.12791
0.298098,-0.110539,2.66179
0.318417,-0.094746,2.4057
0.304796,-0.0752995,3.2131
0.314333,-0.149503,3.68327
0.333358,-0.15039,3.76317
0.299509,-0.0885187,1.90668
0.326888,-0.112954,2.61418
0.301802,-0.134904,1.99174
0.284251,-0.107894,2.68721
0.283624,-0.121951,2.47489
0.320674,-0.055174,2.98918
0.304069,-0.110119,2.26971
0.332639,-0.151452,2.86796
0.292363,-0.109846,3.33009
0.335697,-0.116391,2.09347
0.330136,-0.106582,2.06233
0.307665,-0.0792947,2.00448
0.313225,-0.147756,1.39495
0.301776,-0.0905453,2.55224
0.309,-0.119732,3.39419
0.312778,-0.1076,4.3345
0.308287,-0.102142,4.60819
0.320078,-0.12292,2.99859
0.306287,-0.109815,2.66719
0.296987,-0.100987,2.46591
0.316024,-0.121716,1.59588
0.283999,-0.0978901,1.99755
0.315698,-0.14294,2.1952
0.311028,-0.150342,1.99916
0.299347,-0.0977174,2.34554
0.321194,-0.0799535,3.34198
0.31742,-0.0837243,3.03422
0.319877,-0.13036,1.9419
0.314244,-0.115048,2.83275
0.326432,-0.155997,2.08045
0.30606,-0.0782648,3.79599
0.308257,-0.086243,3.87995
0.316461,-0.117429,4.18498
0.30515,-0.142565,3.79032
0.319584,-0.111391,3.06541
0.302203,-0.0991935,2.5437
0.314475,-0.125521,2.93932
0.300305,-0.112903,2.90904
0.33075,-0.116344,1.83495
0.294344,-0.145741,2.37422
0.319769,-0.0901962,2.50003
0.304149,-0.0924684,1.86119
0.305767,-0.103408,2.18568
0.306287,-0.120331,2.04688
0.33341,-0.134763,2.53769
0.29248,-0.0944021,4.06946
0.307742,-0.14298,2.77881
0.308977,-0.0847334,1.85682
0.352644,-0.142952,1.90929
0.297427,-0.0974767,1.96303
0.323244,-0.126139,2.05728
0.310849,-0.116453,2.48247
0.307237,-0.117734,2.32174
0.327264,-0.103839,3.03539
0.353198,-0.120445,2.95907
0.278763,-0.106313,2.70503
0.300501,-0.103014,2.59386
0.308112,-0.158866,2.29878
0.318964,-0.119698,2.71672
0.343586,-0.104449,2.56541
0.312957,-0.111016,3.26835
0.317286,-0.113319,3.20251
0.325077,-0.10642,2.28935
0.328222,-0.113179,2.52151
0.303635,-0.133155,2.82769
0.300268,-0.146035,2.63199
0.313694,-0.0983038,2.78008
0.314968,-0.121598,1.89484
0.297433,-0.0958913,2.85608
0.313011,-0.104756,2.70924
0.327418,-0.119188,2.45464
0.307596,-0.113281,2.81158
0.313268,-0.105854,2.73035
0.306595,-0.11974,2.42476
0.293538,-0.121306,2.54229
0.292109,-0.117869,2.7139
0.317405,-0.0820293,2.04784
0.31151,-0.0703776,1.76637
0.3024,-0.148139,1.80604
0.32169,-0.0900122,2.17953
0.306737,-0.117394,2.64805
0.313661,-0.102521,2.40812
0.312626,-0.151715,2.63664
0.303124,-0.139955,2.38722
0.323147,-0.0814836,1.88891
0.306906,-0.113243,2.03531
0.325364,-0.112881,2.91258
0.295823,-0.130401,1.70678
0.301139,-0.111988,1.53742
0.322234,-0.103407,3.16687
0.318585,-0.132139,2.33995
0.315825,-0.0980163,2.47522
0.342027,-0.103242,1.81393
0.293693,-0.124022,3.6042
0.340022,-0.127162,2.45168
0.331142,-0.167601,2.27319
0.320861,-0.113568,3.05213
0.329572,-0.118378,2.63712
0.306326,-0.120528,2.16702
0.309155,-0.153237,2.95376
0.298518,-0.112073,1.6308
0.299008,-0.120037,1.96978
0.330871,-0.100665,6.18737
0.297237,-0.102625,2.01766
0.326547,-0.140285,2.62307
0.314415,-0.119544,2.97472
0.308979,-0.103329,2.02387
0.309701,-0.129667,1.82109
0.329631,-0.0863712,2.93731
0.304248,-0.119216,2.68075
0.34083,-0.136651,2.26565
0.329338,-0.111257,2.53675
0.330845,-0.0820251,3.18489
0.317602,-0.085678,2.90804
0.325759,-0.107852,3.22536
0.304774,-0.112399,2.96729
0.32999,-0.144105,4.52973
0.332594,-0.141924,5.38622
0.336795,-0.160962,2.13553
0.322324,-0.151201,2.55468
0.312537,-0.106747,2.25517
0.31332,-0.121126,2.07898
0.317203,-0.11009,2.1597
0.29451,-0.108714,2.18045
0.324003,-0.118458,1.50089
0.312315,-0.113056,1.95797
0.31741,-0.126422,1.77226
0.342189,-0.0766839,1.54523
0.296277,-0.0952522,1.48969
0.294773,-0.0913231,1.46655
0.336751,-0.13596,3.00929
0.326234,-0.124896,2.3845
0.326324,-0.118578,3.27834
0.294984,-0.0931488,2.55016
0.345221,-0.176283,2.80121
0.307606,-0.0289881,2.52185
0.317527,-0.0507864,2.53737
0.317333,-0.134639,4.52948
0.345929,-0.129416,3.57376
0.292372,-0.0906852,3.39997
0.336619,-0.152184,2.95108
0.283526,-0.0782109,2.89867
0.316056,-0.153943,2.60458
0.329828,-0.1141,2.92532
0.341356,-0.147153,2.85427
0.296956,-0.0776759,2.17438
0.320441,-0.118184,2.48306
0.328382,-0.117774,2.80057
0.325496,-0.122702,2.11232
0.316843,-0.138219,2.53477
0.314116,-0.132726,2.5078
0.325056,-0.140885,2.72186
0.317951,-0.129478,2.65938
0.298372,-0.0822601,2.69199
0.325999,-0.143625,2.97801
0.329956,-0.120329,3.26896
0.306519,-0.100454,3.19198
0.327633,-0.102597,1.89522
0.296772,-0.121461,2.7555
0.307394,-0.116766,2.79725
0.332354,-0.0927897,2.0316
0.321958,-0.0672753,1.71053
0.326815,-0.130626,1.58612
0.288511,-0.0948722,2.05474
0.336991,-0.143485,1.89246
0.331892,-0.109895,1.24221
0.320015,-0.144472,1.61057
0.307005,-0.0961466,3.11889
0.321107,-0.129179,2.29369
0.316826,-0.0772353,2.41021
0.314578,-0.156341,1.76179
0.314245,-0.161557,1.88944
0.313639,-0.106024,2.85845
0.293105,-0.131783,2.58299
0.306817,-0.134902,2.35328
0.316225,-0.0907797,2.00825
0.298084,-0.0785555,1.75602
0.309314,-0.0901179,1.8821
0.312692,-0.111272,2.81581
0.299145,-0.103518,2.07135
0.339327,-0.130057,1.77597
0.321432,-0.1233,2.23817
0.324952,-0.137025,1.91746
0.281337,-0.111871,2.18711
0.341974,-0.117426,1.86837
0.289442,-0.112437,2.8508
0.327929,-0.122576,3.64542
0.317958,-0.100837,2.6135
0.318115,-0.109017,2.45502
0.311042,-0.11263,1.87596
0.321085,-0.114334,2.11078
0.314928,-0.12855,2.30895
0.29363,-0.165766,2.51597
0.336812,-0.0608947,3.11109
0.338358,-0.0762194,2.26053
0.30264,-0.118849,1.82907
0.311822,-0.121293,2.79952
0.311777,-0.104524,1.9906
0.309166,-0.099977,1.94588
0.318902,-0.11951,2.18953
0.311486,-0.105466,2.34259
0.323584,-0.114623,2.59497
0.344645,-0.108495,2.31313
0.300769,-0.119621,2.17166
0.301588,-0.0988487,2.1939
0.320627,-0.119173,2.13903
0.318189,-0.0872364,1.83099
0.316094,-0.153035,1.7126
0.324899,-0.0969615,2.9102
0.331335,-0.0949743,3.52307
0.312706,-0.101989,2.30011
0.324934,-0.122787,2.05725
0.308285,-0.13568,2.55233
0.321466,-0.113039,2.12746
0.315497,-0.114939,2.20089
0.291386,-0.0973524,1.75172
0.309653,-0.138401,2.12305
0.311061,-0.143399,2.51558
0.291289,-0.118146,2.74978
0.364161,-0.143124,2.3245
0.310547,-0.102572,1.96749
0.323202,-0.117802,2.68117
0.323914,-0.129614,2.71016
0.303527,-0.0836289,1.52021
0.312141,-0.0994845,2.16383
0.310075,-0.143248,1.61715
0.324736,-0.0681694,2.30015
0.329098,-0.0719644,2.31931
0.340109,-0.0488092,1.98717
0.313689,-0.116035,1.80782
0.307085,-0.0976143,4.54514
0.312228,-0.121709,3.69806
0.313967,-0.102753,2.01728
0.339388,-0.116951,2.32201
0.299032,-0.123963,1.96615
0.304351,-0.120768,2.2169
0.315932,-0.131341,2.94608
0.308031,-0.111469,1.53849
0.297962,-0.127216,1.73111
0.332429,-0.10209,1.49645
0.340542,-0.0978734,1.54495
0.339666,-0.106452,1.44556
0.309841,-0.151001,1.97467
0.34003,-0.126201,2.1694
0.320878,-0.120311,3.1945
0.311985,-0.143385,3.76431
0.297265,-0.122563,3.06004
0.297799,-0.118706,2.78211
0.335366,-0.153685,1.8571
0.289539,-0.080653,1.71768
0.354512,-0.119296,2.65553
0.307788,-0.117595,2.43184
0.293391,-0.101975,1.97924
0.288711,-0.0927197,2.09429
0.291785,-0.125642,1.54957
0.333462,-0.0940782,2.03512
0.30279,-0.121815,2.62949
0.336125,-0.141427,2.53397
0.29606,-0.094473,3.02637
0.320693,-0.108363,2.21754
0.297083,-0.117124,2.52795
0.31273,-0.106936,3.16291
0.338676,-0.0785408,2.27817
0.322866,-0.109577,2.55939
0.295022,-0.11431,2.14157
0.334497,-0.110778,2.98916
0.305394,-0.125721,2.83094
0.315185,-0.0970861,2.00749
0.31574,-0.130898,2.72236
0.314494,-0.13314,3.09873
0.315353,-0.0676543,2.63278
0.324379,-0.155506,2.20018
0.292421,-0.0840331,2.21184
0.334232,-0.139222,1.90844
0.289021,-0.0899023,3.41585
0.350461,-0.127022,2.61752
0.282224,-0.0873656,3.6397
0.3254,-0.116809,2.38172
0.298387,-0.100818,2.57133
0.339176,-0.108979,2.02632
0.305519,-0.115597,2.23199
0.315015,-0.1083,2.59175
0.32014,-0.12313,2.62896
0.308518,-0.0965454,1.83538
0.332771,-0.130207,1.92425
0.298811,-0.114136,1.62638
0.293376,-0.137639,1.62647
0.326103,-0.0835286,4.63358
0.323398,-0.0881981,3.93877
0.306102,-0.0845518,2.5608
0.307568,-0.0921901,2.34666
0.303697,-0.101188,2.69662
0.304937,-0.0987048,2.45263
0.303043,-0.0784845,2.30103
0.323991,-0.10212,2.36716
0.296742,-0.140202,1.82749
0.306335,-0.126826,2.10416
0.310618,-0.14284,2.0733
0.336683,-0.0389514,2.8271
0.295336,-0.164986,1.79078
0.345373,-0.136865,1.80282
0.322161,-0.117283,1.82002
0.324242,-0.112785,2.23783
0.340154,-0.090141,2.40709
0.291052,-0.094393,1.96721
0.356798,-0.138365,2.16929
0.277253,-0.0941827,3.04778
0.321733,-0.149083,2.3524
0.318352,-0.0718421,2.40968
0.306948,-0.153423,1.89612
0.318963,-0.0747363,3.89188
0.333665,-0.0946432,3.46356
0.301751,-0.130653,1.97427
0.314911,-0.10757,2.41547
0.306002,-0.12837,3.21618
0.316979,-0.0911546,2.25567
0.311433,-0.0730319,3.70509
0.3058,-0.118592,2.22295
0.338222,-0.107717,2.55029
0.308834,-0.132208,2.02662
0.313136,-0.127838,1.96263
0.332446,-0.138359,2.08601
0.306169,-0.0736652,2.33141
0.31429,-0.109957,1.94734
0.305597,-0.0725311,2.40795
0.319986,-0.150026,2.05844
0.309496,-0.0985096,2.46879
0.309816,-0.16576,2.21916
0.321713,-0.0643113,2.28191
0.314915,-0.154657,2.17068
0.310716,-0.0801566,1.8544
0.30875,-0.112341,2.58285
0.34922,-0.134216,2.76062
0.304027,-0.0750693,1.9698
0.303971,-0.086305,2.024
0.342752,-0.136977,4.24609
0.298833,-0.120551,2.89579
0.306715,-0.0952298,2.98749
0.315412,-0.112087,1.79229
0.309584,-0.113392,1.80391
0.303934,-0.113038,1.62165
0.304712,-0.105452,1.65957
0.328622,-0.120513,3.02115
0.301612,-0.0936731,3.27243
0.303471,-0.135754,3.43465
0.325705,-0.0875944,1.66823
0.288778,-0.145826,1.7949
0.319763,-0.080854,2.27774
0.327473,-0.132381,2.25309
0.303954,-0.103751,2.15699
0.318688,-0.122032,3.43414
0.318289,-0.117693,3.42988
0.311617,-0.105357,2.50021
0.288866,-0.102066,2.37332
0.290167,-0.13719,2.35836
0.342625,-0.0899995,2.03553
0.298073,-0.13139,2.59922
0.325359,-0.12355,3.40146
0.310715,-0.0827466,2.87126
0.329326,-0.134631,3.03669
0.308709,-0.107804,1.97987
0.318221,-0.110951,2.45
0.327498,-0.117011,2.05338
0.30496,-0.0803033,3.28673
0.323138,-0.145998,1.74304
0.305143,-0.0805608,3.34459
0.291855,-0.0930323,3.52293
0.325566,-0.139681,2.45213
0.299092,-0.0848011,2.83006
0.311505,-0.116607,3.56708
0.302862,-0.12514,2.42114
0.306374,-0.130216,2.49033
0.314078,-0.141202,2.2646
0.290802,-0.0717641,2.39657
0.349107,-0.153207,2.38906
0.350863,-0.14873,2.38515
0.283193,-0.0803156,2.49638
0.340039,-0.125091,2.01588
0.289347,-0.112127,2.26746
0.294684,-0.0871072,2.04101
0.301074,-0.0730294,2.26134
0.323055,-0.159143,2.63423
0.311953,-0.0950559,2.1258
0.315277,-0.131709,3.02482
0.33008,-0.13581,2.07201
0.336785,-0.139791,1.86631
0.337539,-0.140611,1.66961
0.349634,-0.17403,1.96494
0.345545,-0.124345,2.3375
0.299174,-0.0823364,1.86244
0.313659,-0.0760814,2.40629
0.300421,-0.108879,2.60746
0.323268,-0.0971292,2.10549
0.31188,-0.105752,2.51146
0.338242,-0.118689,2.37642
0.319952,-0.0961787,2.80829
0.30628,-0.134413,2.88154
0.323527,-0.138012,2.61333
0.316771,-0.0622398,2.2325
0.317043,-0.131609,2.09591
0.316633,-0.102415,1.89435
0.307781,-0.123764,1.95841
0.308493,-0.0921657,2.55473
0.325698,-0.107031,3.75851
0.328055,-0.100221,3.85664
0.334727,-0.083718,3.87278
0.300228,-0.0933728,2.94045
0.291259,-0.0839546,2.93825
0.303133,-0.108832,3.23937
0.323726,-0.0848204,2.97366
0.310464,-0.079337,2.30029
0.318099,-0.139912,2.41139
0.31848,-0.0815429,1.48425
0.287691,-0.155243,1.9625
0.320682,-0.104437,3.68922
0.290321,-0.101439,3.25813
0.289023,-0.0963555,3.25254
0.33443,-0.12872,2.54874
0.336555,-0.116764,2.52886
0.293085,-0.107193,3.94729
0.334899,-0.14884,2.19677
0.30229,-0.0610389,2.52789
0.308289,-0.13468,3.07153
0.297309,-0.103274,3.62597
0.31178,-0.0929897,2.3584
0.306897,-0.111516,2.58535
0.312704,-0.107604,2.93764
0.311616,-0.116487,2.79249
0.314306,-0.105517,2.83219
0.324446,-0.121185,2.11567
0.332857,-0.0788366,2.34193
0.299306,-0.138031,2.47969
0.316132,-0.0869462,2.31641
0.321101,-0.0651212,2.21914
0.296256,-0.142635,2.95764
0.320292,-0.0873601,2.86147
0.308429,-0.139923,2.04211
0.370217,-0.0939222,2.01138
0.268461,-0.0970188,1.78734
0.293031,-0.107535,1.83257
0.36541,-0.0858528,1.5645
0.353509,-0.112573,1.549
0.296721,-0.120782,2.26506
0.337559,-0.10513,2.03944
0.349168,-0.108097,2.54584
0.276757,-0.092133,1.97631
0.328248,-0.117563,2.01241
0.306226,-0.111035,2.04869
0.317237,-0.116092,2.37582
0.308938,-0.128411,2.15885
0.337581,-0.0853039,2.10089
0.310255,-0.116288,1.88975
0.302717,-0.09893,1.90005
0.320879,-0.113442,1.94876
0.309645,-0.12099,2.91456
0.310612,-0.121644,2.58915
0.317028,-0.100602,1.85514
0.305727,-0.114963,2.39494
0.296533,-0.110013,2.4528
0.338442,-0.142292,2.13059
0.311123,-0.0995475,2.13152
0.298081,-0.113132,1.98248
0.326573,-0.125145,2.07662
0.325963,-0.11338,3.23821
0.311833,-0.105525,2.44703
0.29442,-0.0915302,1.92524
0.282955,-0.0847931,2.04563
0.326071,-0.132683,3.03623
0.312752,-0.107606,3.78498
0.301834,-0.11992,3.56206
0.295247,-0.119384,3.40932
0.344811,-0.0925644,2.28456
0.351081,-0.111006,2.58613
0.287834,-0.0858168,2.15225
0.292514,-0.0967278,2.03889
0.33043,-0.149631,2.22908
0.301054,-0.112224,2.76003
0.280745,-0.0998249,2.48064
0.356233,-0.152126,2.65288
0.326118,-0.144971,2.15511
0.297665,-0.120374,2.16767
0.287473,-0.154426,1.75456
0.284394,-0.108896,2.76427
0.344001,-0.113929,3.63191
0.339523,-0.104894,3.882
0.337994,-0.0983951,3.61622
0.345529,-0.15265,4.92155
0.326979,-0.138515,3.67547
0.31365,-0.0948449,3.03366
0.307956,-0.107394,3.64485
0.307307,-0.111589,3.35344
0.296801,-0.12507,2.96625
0.309069,-0.124255,2.44684
0.289564,-0.0742314,2.83692
0.325034,-0.0841565,2.49263
0.303472,-0.150708,1.96703
0.292655,-0.152907,1.94306
0.306104,-0.117364,3.24039
0.316514,-0.140397,1.57218
0.309965,-0.112746,1.73059
0.330285,-0.0936762,1.7704
0.304482,-0.129584,3.20913
0.305891,-0.128751,3.2692
0.306291,-0.134193,3.43717
0.332018,-0.0902382,1.38354
0.303149,-0.166096,4.52517
0.311882,-0.114601,2.584
0.316498,-0.132173,3.13347
0.31465,-0.126732,3.34652
0.319053,-0.105162,1.82522
0.318441,-0.142868,2.78187
0.318365,-0.101525,1.90251
0.294312,-0.109947,1.62469
0.344342,-0.10694,2.51435
0.297151,-0.0988313,1.853
0.334347,-0.114074,3.27034
0.306749,-0.109216,2.04082
0.328555,-0.0859142,1.76006
0.315909,-0.0995458,2.81155
0.309523,-0.107326,2.67858
0.309702,-0.133653,2.06974
0.299804,-0.116902,2.26728
0.332067,-0.109433,2.57464
0.364479,-0.097663,2.02571
0.348553,-0.0972251,2.06676
0.299806,-0.0994491,2.14308
0.340471,-0.126154,3.14247
0.330297,-0.138069,3.31565
0.304925,-0.130006,2.40165
0.311285,-0.118173,2.23473
0.321692,-0.11503,2.93135
0.324753,-0.124936,2.67247
0.315552,-0.120823,1.80345
0.310758,-0.107597,1.76745
0.322551,-0.120438,1.73568
0.317433,-0.0790092,1.72768
0.316735,-0.148018,3.26846
0.319472,-0.0944455,1.75278
0.339908,-0.135034,2.25543
0.309122,-0.111035,1.47524
0.309517,-0.114102,1.44747
0.285946,-0.115507,1.44711
0.316322,-0.126976,1.53419
0.323942,-0.0905566,3.44349
0.322182,-0.0907289,2.43675
0.331283,-0.0814907,2.34074
0.316618,-0.125786,2.40029
0.308767,-0.102326,3.80408
0.317933,-0.10181,3.23136
0.324613,-0.0958085,2.44935
0.293392,-0.0884659,3.35059
0.315901,-0.0855878,2.92478
0.302217,-0.141935,2.26144
0.330246,-0.0962849,1.86585
0.315316,-0.135762,2.95094
0.308521,-0.0937309,2.59629
0.331388,-0.110252,2.01649
0.29562,-0.104492,3.22722
0.32594,-0.0926318,2.17377
0.330093,-0.13804,1.98397
0.311367,-0.0931305,3.28787
0.324902,-0.106337,1.57664
0.296819,-0.0802213,1.37574
0.331884,-0.111216,2.377
0.296411,-0.114063,1.97409
0.325497,-0.111196,4.60755
0.289683,-0.118288,2.64503
0.348285,-0.112594,2.05403
0.300861,-0.0841342,3.20532
0.304983,-0.0853639,3.15968
0.311331,-0.107132,2.6288
0.319824,-0.146718,3.1523
0.303983,-0.113995,2.42908
0.319855,-0.111286,2.1821
0.312331,-0.150054,2.3986
0.325405,-0.105593,3.79915
0.291679,-0.0931868,1.65501
0.330097,-0.131427,2.48499
0.304203,-0.119749,1.96018
0.306588,-0.100506,2.22949
0.324748,-0.138113,1.96008
0.299423,-0.112971,1.70121
0.305353,-0.125476,1.69896
0.306927,-0.114587,2.74938
0.324536,-0.124662,2.45713
0.325823,-0.125588,2.32646
0.327901,-0.127978,2.04793
0.308259,-0.128364,2.85972
0.313096,-0.0937734,2.99488
0.318809,-0.133869,2.54589
0.313843,-0.117751,2.69694
0.32248,-0.108777,2.53223
0.321845,-0.082666,2.17442
0.309092,-0.1517,2.94921
0.332841,-0.103831,2.31221
0.293183,-0.0795757,2.72515
0.325814,-0.127682,2.23058
0.295282,-0.105528,2.62831
0.313476,-0.128505,3.84667
0.322495,-0.12925,2.00744
0.317779,-0.118341,2.41547
0.318225,-0.101878,2.20981
0.313205,-0.126893,1.92935
0.328254,-0.13852,2.24644
0.317336,-0.132202,2.65041
0.322574,-0.0893948,2.75976
0.277722,-0.112818,2.68614
0.294554,-0.113221,3.15461
0.301161,-0.112611,2.86003
0.343465,-0.12299,2.55963
0.302953,-0.0806358,2.5127
0.327017,-0.145639,1.96056
0.303553,-0.0818605,4.41082
0.303001,-0.101028,2.35256
0.324898,-0.121311,2.05835
0.335694,-0.0726477,1.77559
0.327242,-0.0716887,1.79513
0.323467,-0.117451,3.42808
0.297433,-0.106632,2.08306
0.3218,-0.128398,1.66985
0.32573,-0.129387,2.10298
0.317926,-0.100532,2.38461
0.310367,-0.139074,2.46973
0.309829,-0.137368,2.4147
0.317928,-0.10181,2.1364
0.312213,-0.100674,2.3507
0.295679,-0.115305,1.90806
0.325097,-0.12677,2.72501
0.313362,-0.0898287,2.2717
0.307342,-0.108634,2.07296
0.318667,-0.131666,1.92118
0.304288,-0.0892283,3.66911
0.324483,-0.121879,3.09496
0.309212,-0.123788,2.32886
0.295987,-0.11221,1.91978
0.335438,-0.105552,2.41451
0.299182,-0.0827434,2.03569
0.300531,-0.0864105,1.76964
0.296044,-0.101907,1.70196
0.324503,-0.12517,1.54102
0.290675,-0.10585,3.18682
0.297837,-0.129007,3.65185
0.290859,-0.10858,3.1948
0.32061,-0.0906445,3.8887
0.335981,-0.101701,3.00089
0.304077,-0.120891,2.15775
0.324343,-0.079935,1.98539
0.309916,-0.131557,2.01178
0.305297,-0.0805067,1.67915
0.323872,-0.113316,2.18248
0.300782,-0.121602,2.36638
0.298577,-0.118455,2.33944
0.320074,-0.0851804,2.24435
0.334819,-0.148002,2.44964
0.329721,-0.104768,3.21471
0.31294,-0.102263,2.48025
0.3136,-0.106456,2.16595
0.293282,-0.0937782,2.09963
0.316346,-0.146272,1.99441
0.318165,-0.13818,1.53082
0.32659,-0.0935855,1.30583
0.328041,-0.109,2.35947
0.306874,-0.107249,2.38403
0.310719,-0.125611,2.75
0.286559,-0.0965335,1.77348
0.310376,-0.0554445,1.94844
0.303076,-0.136248,3.1259
0.301813,-0.136452,2.81862
0.306825,-0.125031,3.19073
0.332889,-0.118355,3.35513
0.321038,-0.122696,2.75565
0.31826,-0.139256,2.74869
0.320899,-0.13223,2.8337
0.314016,-0.129668,2.78699
0.298802,-0.102653,1.8107
0.319533,-0.113634,2.27
0.312562,-0.133043,2.09661
0.321759,-0.159625,2.04126
0.328996,-0.105312,2.28853
0.307213,-0.0998677,2.35729
0.303108,-0.0905516,2.90947
0.3125,-0.0941684,2.76614
0.315499,-0.167354,2.92619
0.330666,-0.167071,2.84804
0.317383,-0.119712,2.1416
0.295995,-0.146292,2.35632
0.335631,-0.118625,2.56976
0.300183,-0.0912612,2.39407
0.329768,-0.127243,2.4733
0.321832,-0.114058,2.0774
0.338644,-0.118305,1.74115
0.314055,-0.118801,2.91834
0.31363,-0.103491,3.16943
0.281671,-0.124225,2.49961
0.323153,-0.131272,2.57174
0.311445,-0.131055,2.66675
0.326969,-0.0917566,2.36927
0.317371,-0.119217,2.24295
0.340742,-0.110411,1.94315
0.340376,-0.093614,1.96546
0.310885,-0.11881,2.43828
0.306183,-0.167314,1.64355
0.300908,-0.0756031,2.16101
0.304341,-0.0774701,2.30294
0.313006,-0.107656,2.22104
0.331491,-0.119231,2.28119
0.322892,-0.0975769,2.29662
0.315292,-0.102815,2.15262
0.31872,-0.109245,2.14598
0.312613,-0.1196,2.93328
0.322841,-0.115011,2.1925
0.317534,-0.129673,2.52339
0.328156,-0.0917899,2.40923
0.319011,-0.119958,2.22046
0.298264,-0.0827117,2.10086
0.330709,-0.129536,2.10561
0.291233,-0.119476,4.31392
0.312654,-0.115705,3.0682
0.292588,-0.11597,3.73913
0.358621,-0.137475,3.80701
0.348396,-0.0735714,4.42352
0.330028,-0.175572,3.66585
0.302315,-0.0595059,2.28705
0.339544,-0.127201,1.46927
0.325658,-0.155656,2.07836
0.321699,-0.105477,2.82498
0.304271,-0.118645,2.25593
0.321561,-0.117179,1.99761
0.318775,-0.117387,2.46998
0.300992,-0.105715,2.4356
0.29927,-0.127797,2.69302
0.321331,-0.108391,2.31997
0.316596,-0.135775,2.86847
0.305768,-0.078778,2.19016
0.307783,-0.0776845,2.31758
0.336778,-0.129485,2.41031
0.313776,-0.0944889,3.19577
0.30705,-0.141403,1.96912
0.300058,-0.0995162,1.79108
0.320745,-0.128171,2.77125
0.309966,-0.102372,2.79127
0.307227,-0.101033,2.83312
0.321609,-0.0898435,2.4512
0.332577,-0.0880706,3.04427
0.328648,-0.11418,2.25638
0.315426,-0.0944381,2.26819
0.32754,-0.123459,2.21956
0.320866,-0.172285,2.22109
0.305006,-0.0553184,1.91215
0.342707,-0.0863184,2.48321
0.301035,-0.123131,1.964
0.286713,-0.117384,2.15334
0.289712,-0.12729,1.68403
0.305989,-0.102028,2.15317
0.319879,-0.128199,2.79936
0.292915,-0.101714,1.87923
0.302206,-0.0802458,1.7893
0.302148,-0.129881,2.46838
0.330258,-0.0725543,1.91123
0.330663,-0.0715544,1.9349
0.287019,-0.13651,2.20826
0.337145,-0.085631,2.75069
0.328994,-0.0680313,2.56329
0.329571,-0.126387,2.31722
0.324748,-0.109306,2.07952
0.326252,-0.109913,2.06027
0.323405,-0.124782,2.02845
0.323516,-0.13374,1.55651
0.312508,-0.115057,1.70348
0.325182,-0.113472,1.60963
0.286484,-0.132159,2.31775
0.365672,-0.0953896,1.85276
0.344826,-0.10798,1.72885
0.329681,-0.144159,2.85658
0.330556,-0.0891106,1.98093
0.295667,-0.114149,2.48406
0.31685,-0.107075,1.61079
0.305828,-0.119212,2.51179
0.295002,-0.111555,2.86328
0.334775,-0.0883925,2.23323
0.341447,-0.0769844,2.35364
0.340038,-0.0973245,2.21014
0.333951,-0.0981888,2.38556
0.307744,-0.113554,2.42687
0.317892,-0.127082,2.97801
0.296249,-0.110436,3.22324
0.30992,-0.10511,3.45366
0.309548,-0.103871,2.82207
0.311709,-0.127781,2.75953
0.329237,-0.124578,1.90932
0.321626,-0.098042,2.44692
0.314842,-0.132475,2.72902
0.309122,-0.0954787,2.39335
0.313483,-0.119561,2.10579
0.298428,-0.126466,2.23036
0.302028,-0.0871298,2.10194
0.337456,-0.127849,3.79702
0.351703,-0.111163,2.83717
0.305605,-0.0833602,2.9465
0.29481,-0.0958405,2.69078
0.301965,-0.0818328,2.8565
0.33046,-0.149675,2.97982
0.322208,-0.133046,1.98933
0.301874,-0.0878366,4.20871
0.301371,-0.078382,4.06435
0.310421,-0.145015,3.12
0.296617,-0.131113,3.24574
0.328871,-0.0959251,2.42424
0.31648,-0.155358,2.97421
0.298541,-0.0541868,2.99343
0.297957,-0.0909082,2.53654
0.326329,-0.087569,2.75378
0.289267,-0.129781,1.75017
0.31834,-0.0942945,2.12208
0.318878,-0.0976518,2.21414
0.337217,-0.125152,1.49767
0.331958,-0.143912,2.06505
0.322457,-0.127645,2.39183
0.30705,-0.0929507,3.3174
0.311366,-0.121212,2.63483
0.308518,-0.157027,1.93633
0.346661,-0.111681,2.93571
0.302178,-0.0918096,2.80482
0.34274,-0.111694,2.28878
0.334661,-0.109893,2.44035
0.336778,-0.103361,2.29792
0.291291,-0.117519,1.75579
0.324731,-0.0904232,2.04147
0.314428,-0.0836177,2.55937
0.315494,-0.1446,2.37948
0.32436,-0.139859,2.33592
0.299179,-0.0692426,2.08277
0.314046,-0.0918373,2.08663
0.326485,-0.143078,1.37703
0.329416,-0.138401,2.1759
0.303913,-0.108566,2.46761
0.327762,-0.129482,3.93997
0.299213,-0.126245,2.78548
0.307393,-0.0892609,3.08242
0.31425,-0.10164,2.46191
0.304901,-0.140704,2.90802
0.284652,-0.0981021,2.54304
0.281291,-0.114231,2.46741
0.281026,-0.142185,2.58348
0.310558,-0.120602,2.41879
0.299011,-0.0904668,2.5698
0.312808,-0.105261,2.34713
0.307127,-0.124008,1.63961
0.311821,-0.0880258,1.87427
0.2867,-0.107073,1.79555
0.335609,-0.125204,2.42902
0.320701,-0.111849,2.06019
0.306491,-0.107312,2.07546
0.308546,-0.114122,1.8518
0.32675,-0.100517,2.29326
0.323373,-0.105231,2.53181
0.317958,-0.0861246,2.7679
0.301296,-0.116647,2.76941
0.29794,-0.116693,2.63428
0.30404,-0.120246,2.65219
0.297869,-0.107741,3.60862
0.312371,-0.101195,2.50121
0.338019,-0.137409,2.54182
0.3136,-0.0939607,1.54919
0.30901,-0.0855081,1.73949
0.296884,-0.125115,1.86933
0.325625,-0.115325,2.07149
0.302351,-0.136629,2.24329
0.301288,-0.115557,2.64901
0.344993,-0.104343,2.66634
0.349222,-0.116329,3.11075
0.300176,-0.0990818,3.43302
0.313429,-0.144223,2.44544
0.311517,-0.155747,2.13773
0.341505,-0.0903131,1.8893
0.316411,-0.0992303,2.32564
0.295377,-0.141965,3.31165
0.31672,-0.105785,3.06439
0.30216,-0.122793,2.11558
0.312876,-0.114373,2.20136
0.323192,-0.104433,2.5974
0.307785,-0.136953,2.37925
0.335401,-0.0711136,3.6693
0.351588,-0.111675,2.40923
0.309357,-0.102498,2.77378
0.294597,-0.116849,2.55917
0.30168,-0.090713,2.52699
0.34785,-0.140133,1.54618
0.284188,-0.0838459,2.80575
0.348059,-0.144938,2.20941
0.294786,-0.105495,2.9357
0.330813,-0.115507,2.44524
0.323845,-0.105386,2.42415
0.287076,-0.11876,1.99265
0.350939,-0.1229,2.9789
0.281587,-0.10733,1.89173
0.319733,-0.0916475,2.48936
0.285651,-0.13083,2.28027
0.343279,-0.0914355,3.05858
0.308849,-0.147649,2.38319
0.301577,-0.120081,3.09798
0.325254,-0.10118,2.51837
0.308557,-0.125452,2.38733
0.29004,-0.118751,2.74028
0.311315,-0.125164,3.55905
0.313122,-0.125608,3.52415
0.320799,-0.100467,1.75834
0.317189,-0.148192,2.34391
0.318494,-0.116547,3.23725
0.294449,-0.136087,2.0032
0.329053,-0.0758718,1.85818
0.305432,-0.101756,2.39579
0.327279,-0.14926,2.51428
0.306935,-0.132469,2.21279
0.287598,-0.0928395,2.10668
0.309738,-0.0995556,2.2726
0.305274,-0.113964,2.14586
0.294518,-0.131465,1.82035
0.338222,-0.0875629,3.30492
0.302164,-0.0838266,2.99416
0.322076,-0.124294,2.39424
0.307325,-0.105584,2.27484
0.326105,-0.107813,2.24882
0.326363,-0.148118,1.80071
0.320246,-0.0489869,1.91846
0.318936,-0.137038,3.0785
0.33979,-0.12698,3.24423
0.29711,-0.117419,1.56988
0.324465,-0.144293,2.07865
0.324634,-0.163638,1.91989
0.34239,-0.172516,2.36987
0.319432,-0.135875,2.51409
0.304848,-0.0786337,2.23556
0.318372,-0.111397,1.98852
0.32761,-0.171082,3.14907
0.300389,-0.0840416,2.48172
0.301559,-0.115065,2.69612
0.285271,-0.128449,2.24854
0.349205,-0.0880163,2.57236
0.296728,-0.132271,2.59419
0.294161,-0.138631,3.08805
0.332428,-0.105816,2.74549
0.31759,-0.121122,3.06419
0.300486,-0.111044,3.40657
0.320283,-0.130936,2.38427
0.314339,-0.0666291,2.01499
0.312143,-0.146102,2.32544
0.32195,-0.0801194,2.23529
0.326976,-0.160685,2.60627
0.301861,-0.104597,2.01215
0.332365,-0.116257,1.51525
0.338683,-0.0775502,2.76263
0.304269,-0.117024,2.28462
0.299527,-0.107947,1.74033
0.332553,-0.0811592,1.3834
0.301368,-0.140706,2.97685
0.308723,-0.0910162,2.22446
0.311039,-0.117997,3.33805
0.300967,-0.120634,3.05785
0.326882,-0.147976,1.77764
0.313536,-0.121623,3.30241
0.334332,-0.133233,2.52746
0.325685,-0.0773633,1.73471
0.314389,-0.09408,1.79925
0.321055,-0.109291,1.905
0.316567,-0.0967515,2.25441
0.305824,-0.106013,2.09947
0.316166,-0.130347,2.09
0.327993,-0.108028,2.26614
0.30287,-0.158467,2.15229
0.314455,-0.152004,2.55859
0.324076,-0.0779761,2.43757
0.300907,-0.138456,3.78923
0.309779,-0.116581,3.82688
0.308406,-0.149291,2.6644
0.330259,-0.121375,2.8801
0.332437,-0.121817,2.88797
0.306393,-0.112421,3.54414
0.301418,-0.131898,2.20701
0.294934,-0.0947643,2.2106
0.33432,-0.137132,3.48363
0.31713,-0.0828059,2.48274
0.31256,-0.0856656,2.33357
0.319878,-0.130933,2.69235
0.291656,-0.104978,1.77139
0.33776,-0.126421,2.53258
0.299197,-0.109123,2.5787
0.310234,-0.0945494,3.40346
0.321545,-0.100439,3.30442
0.295197,-0.125149,2.41538
0.317848,-0.085297,1.73898
0.297488,-0.164568,2.06988
0.294286,-0.171956,2.18721
0.295913,-0.166721,2.26668
0.293008,-0.148732,2.49288
0.291899,-0.153811,2.40946
0.300517,-0.152714,2.1341
0.327151,-0.0873174,2.52158
0.295867,-0.140315,2.55746
0.296846,-0.152854,2.32523
0.332743,-0.111954,2.29194
0.341172,-0.0930086,3.38174
0.289674,-0.09854,2.90172
0.305919,-0.120644,2.48192
0.312282,-0.126542,3.18583
0.293843,-0.111643,3.12095
0.307498,-0.0945654,3.75309
0.311335,-0.079739,3.13033
0.310029,-0.154692,4.2021
0.308637,-0.0997709,2.21502
0.310401,-0.111421,2.07451
0.313374,-0.120028,2.25829
0.315665,-0.103523,2.88854
0.33145,-0.110442,2.8425
0.308291,-0.134996,2.20088
0.314826,-0.110592,3.2423
0.293039,-0.0960979,3.14943
0.300309,-0.141474,2.17504
0.317064,-0.103302,1.83074
0.301713,-0.126531,4.20273
0.337847,-0.0944558,2.3983
0.285367,-0.127041,2.71387
0.354272,-0.118546,2.01455
0.346355,-0.152786,2.13543
0.334727,-0.115282,1.97608
0.312355,-0.142737,2.44281
0.299535,-0.0565,2.0094
0.319941,-0.0749263,1.9303
0.299074,-0.0897705,1.90444
0.347761,-0.0972549,3.12125
0.299162,-0.0861945,1.82882
0.316788,-0.142454,3.03443
0.300689,-0.114577,2.02198
0.311263,-0.0986371,2.78541
0.317577,-0.111317,2.97849
0.336495,-0.0755141,2.73935
0.337543,-0.0878193,2.3236
0.308032,-0.150754,2.19987
0.290377,-0.0987388,2.17372
0.30181,-0.0963171,2.4186
0.304908,-0.0985919,3.10396
0.307276,-0.0936477,2.98653
0.289914,-0.110935,2.43004
0.304484,-0.0945639,2.58207
0.345698,-0.108203,2.6796
0.316698,-0.123901,2.68803
0.305651,-0.101367,2.16784
0.317875,-0.103683,1.78451
0.321635,-0.119258,2.55833
0.320949,-0.0966557,1.57072
0.300097,-0.118379,1.69082
0.306163,-0.0746991,2.24937
0.329451,-0.119247,3.09589
0.350046,-0.130407,2.29675
0.276994,-0.085064,3.98988
0.29232,-0.0837338,2.92514
0.317385,-0.150811,2.28137
0.331013,-0.103956,2.34853
0.312427,-0.126584,4.00039
0.311655,-0.0896718,3.32072
0.334229,-0.131497,2.24883
0.316312,-0.167679,2.51296
0.339779,-0.0787836,2.51441
0.337038,-0.0750505,2.91348
0.297523,-0.0715557,2.48502
0.291844,-0.110229,2.64062
0.341083,-0.120166,2.14629
0.341809,-0.0922202,1.80328
0.308164,-0.117843,2.73241
0.333128,-0.111632,2.98687
0.294876,-0.116932,2.09627
0.310314,-0.0897627,2.39208
0.330181,-0.136441,2.01189
0.311907,-0.13251,2.66761
0.313948,-0.110249,4.03718
0.317648,-0.0887303,2.32896
0.309098,-0.105047,2.0831
0.307724,-0.124315,2.48869
0.303599,-0.123119,2.59297
0.316155,-0.120127,3.77125
0.315084,-0.118398,3.79888
0.340476,-0.134405,2.58544
0.332614,-0.121626,1.71484
0.295595,-0.0938792,3.08397
0.351704,-0.0967674,2.43642
0.299681,-0.106326,1.87389
0.35083,-0.108062,2.8563
0.335735,-0.107116,3.16828
0.324592,-0.102213,2.27648
0.321457,-0.107511,2.27655
0.292458,-0.100976,3.38969
0.311977,-0.0923669,1.85795
0.325886,-0.123024,2.10364
0.310765,-0.0755125,1.8106
0.312616,-0.104427,2.1855
0.316306,-0.122918,2.28674
0.315507,-0.106287,3.23878
0.333142,-0.0779347,2.53584
0.335521,-0.0614142,2.38118
0.330359,-0.0607137,2.34233
0.283786,-0.143839,2.70722
0.283227,-0.126263,3.0617
0.290293,-0.124958,2.6645
0.307351,-0.127585,3.05162
0.304672,-0.145225,2.77111
0.311166,-0.119506,2.36555
0.312473,-0.111024,2.07191
0.309769,-0.107475,1.81329
0.32059,-0.133108,2.06513
0.306155,-0.104277,1.81242
0.303027,-0.0943167,2.08067
0.316258,-0.126354,2.88345
0.304004,-0.0914555,2.64793
0.315043,-0.0659671,2.52217
0.317372,-0.172872,1.96376
0.315491,-0.123758,1.88877
0.322361,-0.112743,2.42662
0.317962,-0.111512,2.36904
0.31058,-0.0995786,2.77747
0.314196,-0.123875,1.73854
0.33182,-0.113877,2.04457
0.308534,-0.130722,1.85489
0.303255,-0.119094,1.88523
0.308235,-0.142674,2.3088
0.31791,-0.0861911,2.80081
0.301888,-0.106819,2.59325
0.32688,-0.104763,2.41025
0.316993,-0.0933253,2.16231
0.315199,-0.11859,2.05853
0.308504,-0.0974287,1.94782
0.320351,-0.112116,1.76188
0.327431,-0.100908,2.10828
0.321889,-0.0842834,1.76017
0.298782,-0.101327,2.00318
0.32659,-0.147064,2.63569
0.306856,-0.100494,2.84603
0.296777,-0.130173,1.81227
0.333596,-0.151379,2.55863
0.317682,-0.164733,3.27162
0.341822,-0.154987,2.90442
0.305968,-0.079536,3.172
0.343852,-0.0970398,2.37309
0.298168,-0.101643,2.51122
0.352192,-0.0789189,3.43
0.321871,-0.0849897,2.21927
0.294443,-0.127704,2.94483
0.346807,-0.106141,2.28914
0.321318,-0.142169,2.65842
0.330866,-0.108445,2.12384
0.316442,-0.0997754,1.66905
0.317332,-0.102367,1.6956
0.314362,-0.103358,1.71074
0.313061,-0.121642,2.00584
0.32296,-0.0469026,4.25895
0.320682,-0.15494,2.10509
0.32114,-0.167034,3.0996
0.313015,-0.0689454,1.64784
0.341424,-0.124143,2.00221
0.296804,-0.119799,2.25531
0.295337,-0.123981,2.39658
0.32864,-0.124944,2.31711
0.306147,-0.155201,1.75757
0.301305,-0.144371,1.93677
0.327411,-0.0832547,2.46254
0.299462,-0.142185,2.72237
0.298202,-0.119008,2.5894
0.308772,-0.131858,3.51956
0.289388,-0.0760804,2.23083
0.324017,-0.105396,1.87177
0.305956,-0.118467,1.90136
0.323741,-0.129977,2.051
0.328946,-0.127979,2.1791
0.294443,-0.098727,2.5304
0.329462,-0.0790037,1.52159
0.293239,-0.149994,3.0943
0.286586,-0.149837,2.62063
0.319403,-0.141325,2.82858
0.336603,-0.119501,2.96
0.321467,-0.0995123,3.49922
0.331656,-0.114605,2.35358
0.318455,-0.109457,3.57311
0.321414,-0.116209,3.46351
0.309676,-0.113374,1.81889
0.277584,-0.111849,1.82204
0.349968,-0.117051,2.21567
0.290822,-0.115017,2.19848
0.296776,-0.101237,2.36468
0.334324,-0.113952,2.62446
0.296281,-0.12519,2.21596
0.313362,-0.0987871,2.00317
0.30684,-0.108346,2.77947
0.30133,-0.110273,2.45695
0.298743,-0.103305,2.91171
0.322155,-0.106157,2.81434
0.309609,-0.117888,3.09567
0.306948,-0.138891,2.76708
0.298118,-0.141304,2.47462
0.320267,-0.146067,2.71395
0.309624,-0.14626,2.86844
0.31232,-0.102697,1.9796
0.316048,-0.118055,1.65058
0.322918,-0.122493,3.0261
0.315824,-0.121918,3.32546
0.312501,-0.0899142,2.18026
0.323758,-0.147025,2.94737
0.327516,-0.140982,3.74046
0.30055,-0.0862013,2.68514
0.309886,-0.1211,3.02604
0.318736,-0.121036,2.1138
0.306954,-0.148521,1.68027
0.317797,-0.125874,1.89529
0.340452,-0.115936,4.58914
0.313063,-0.146634,3.46316
0.30299,-0.158159,3.65236
0.333383,-0.090412,4.34479
0.301174,-0.097387,3.2652
0.325471,-0.136058,3.26053
0.316507,-0.0945302,4.08721
0.329977,-0.114469,2.20204
0.329873,-0.115053,2.23934
0.292403,-0.14782,3.11388
0.296405,-0.136231,3.10644
0.307433,-0.144832,2.58468
0.32549,-0.0780031,2.09174
0.317149,-0.148776,1.96891
0.312239,-0.131572,2.07644
0.305976,-0.132515,2.25051
0.309415,-0.1273,2.27191
0.331097,-0.112697,3.14841
0.310881,-0.130392,2.6089
0.310055,-0.120911,2.81569
0.294224,-0.102385,3.70491
0.333285,-0.122005,3.24319
0.328954,-0.118315,2.26419
0.30934,-0.101694,3.32818
0.309454,-0.12621,2.33362
0.324641,-0.122929,2.82488
0.32363,-0.0836544,3.0111
0.327667,-0.0849593,2.95488
0.321442,-0.131006,1.96334
0.292077,-0.115077,1.99504
0.325876,-0.0997638,4.09958
0.309058,-0.110918,2.36874
0.308718,-0.114275,2.34727
0.308945,-0.121575,2.79733
0.311002,-0.12466,2.80893
0.330769,-0.129292,2.51814
0.351505,-0.139855,3.26383
0.284255,-0.100854,1.96792
0.310422,-0.0712325,2.11337
0.342415,-0.0683143,2.03218
0.284382,-0.116331,3.30655
0.320807,-0.0993729,3.19801
0.311315,-0.112907,2.29815
0.343871,-0.132821,1.97245
0.313621,-0.107164,1.81528
0.335076,-0.159823,2.04829
0.308527,-0.102259,1.53278
0.291875,-0.117563,1.76857
0.334952,-0.106251,2.88485
0.307028,-0.133751,1.97597
0.301618,-0.15056,1.35579
0.336563,-0.0964032,1.99144
0.295613,-0.127828,2.00505
0.331053,-0.114357,1.83132
0.368653,-0.0657347,2.2759
0.318636,-0.123324,2.40601
0.293594,-0.124783,1.58164
0.307352,-0.115319,1.62123
0.329242,-0.108886,1.63652
0.325649,-0.110752,2.44387
0.316394,-0.0941634,2.07434
0.320834,-0.120085,2.10123
0.298924,-0.140466,1.71489
0.310476,-0.105646,1.95956
0.30967,-0.101687,1.75359
0.306956,-0.0879508,2.17744
0.321287,-0.116791,3.17906
0.322545,-0.109951,3.44521
0.341772,-0.0712813,2.93307
0.290427,-0.164509,2.39198
0.339912,-0.103867,1.87786
0.308814,-0.129887,1.91569
0.322288,-0.0848212,2.80056
0.308106,-0.134426,2.94434
0.311675,-0.121836,3.10526
0.30696,-0.137227,3.24502
0.308234,-0.107866,2.46124
0.29927,-0.131569,2.71754
0.35354,-0.116309,3.83601
0.33006,-0.0783204,3.15757
0.303513,-0.149976,2.74386
0.325721,-0.0695351,4.79298
0.305247,-0.145878,3.16307
0.312361,-0.127104,2.5014
0.291792,-0.11698,2.76371
0.305433,-0.103314,2.32982
0.287446,-0.124756,2.85933
0.293682,-0.117133,2.7005
0.330315,-0.103753,4.07498
0.335163,-0.090548,2.15615
0.297621,-0.130632,2.02853
0.323552,-0.114383,2.02876
0.317007,-0.0751998,2.43662
0.332103,-0.163204,2.83127
0.351046,-0.129349,2.28633
0.275244,-0.096229,1.7187
0.365998,-0.133951,4.18707
0.344621,-0.142755,2.78352
0.323417,-0.080722,3.18248
0.301368,-0.128089,2.44134
0.303688,-0.130409,2.44612
0.309428,-0.133362,2.46909
0.344858,-0.128582,2.98024
0.328919,-0.112316,2.9223
0.300491,-0.147442,2.42816
0.315239,-0.0778048,2.56039
0.307298,-0.0964403,2.46471
0.297876,-0.118563,3.02304
0.295373,-0.115786,2.69374
0.321982,-0.117821,1.58752
0.298815,-0.107999,1.63472
0.317136,-0.0987008,2.78978
0.307864,-0.105696,2.20947
0.316432,-0.0901673,1.75686
0.327419,-0.136763,3.88974
0.326851,-0.140149,3.02667
0.308929,-0.129168,2.69705
0.318458,-0.0974772,2.47116
0.318757,-0.103256,2.55423
0.314566,-0.105747,2.01863
0.309195,-0.112858,2.11584
0.326648,-0.141698,1.87598
0.299597,-0.121766,2.02113
0.314133,-0.112248,3.34765
0.329644,-0.166129,1.90935
0.322868,-0.155745,2.06604
0.303643,-0.125208,2.19376
0.311222,-0.0985366,3.07547
0.297953,-0.0902599,3.07243
0.326942,-0.136011,2.05077
0.3028,-0.100162,2.33583
0.325513,-0.13207,1.7934
0.331286,-0.111477,3.51805
0.324779,-0.125753,2.50943
0.297253,-0.135533,1.62039
0.289495,-0.122788,1.65782
0.316577,-0.13868,1.62895
0.325335,-0.154808,1.90407
0.340296,-0.15451,1.97544
0.303017,-0.0849287,3.93418
0.324903,-0.14214,2.29393
0.306785,-0.106046,2.31447
0.292409,-0.123791,2.47028
0.317675,-0.120299,2.79856
0.305319,-0.115531,2.34648
0.328424,-0.102815,3.22688
0.331291,-0.113886,3.12821
0.343031,-0.120334,3.11061
0.325495,-0.130454,2.27202
0.313847,-0.133999,2.90939
0.304149,-0.130241,2.48037
0.325513,-0.115726,2.7836
0.296209,-0.101937,2.05794
0.304461,-0.105219,2.48927
0.335211,-0.0951341,1.62736
0.339557,-0.127551,1.46134
0.301356,-0.0872312,2.5319
0.319445,-0.125368,2.01485
0.29468,-0.0969005,2.74289
0.330113,-0.12927,2.66746
0.328708,-0.122951,2.43658
0.31465,-0.104896,3.51039
0.311434,-0.107238,3.73194
0.317569,-0.109952,3.56349
0.308643,-0.131531,3.98875
0.308841,-0.124524,2.96466
0.30524,-0.0993656,2.81896
0.30191,-0.0988349,2.44209
0.299578,-0.125013,2.83434
0.306341,-0.142267,2.87651
0.33175,-0.116996,2.38007
0.308865,-0.0948586,2.64776
0.320067,-0.123259,2.38185
0.29782,-0.0661194,1.92805
0.294591,-0.0758956,1.75869
0.358338,-0.143174,2.30629
0.323831,-0.120815,2.76877
0.287078,-0.130219,2.81531
0.337118,-0.0918425,2.12306
0.334428,-0.0950164,2.3999
0.303663,-0.106515,2.1844
0.317239,-0.122706,2.5289
0.320523,-0.109853,2.62948
0.324111,-0.114258,2.90357
0.304447,-0.117616,2.27525
0.298293,-0.12459,2.18465
0.315416,-0.107272,2.46726
0.318865,-0.124141,2.23703
0.323256,-0.0926773,1.79153
0.296059,-0.128406,3.03393
0.300035,-0.133202,2.89441
0.297468,-0.0971135,2.56506
0.340191,-0.103303,1.90286
0.327026,-0.0949749,1.76154
0.290582,-0.119409,2.15662
0.321559,-0.115498,3.51977
0.340556,-0.0681653,3.92998
0.302369,-0.168227,2.60275
0.354743,-0.0788096,4.31435
0.313828,-0.0822285,2.11362
0.317129,-0.136091,2.12362
0.317304,-0.142758,2.24749
0.310196,-0.119855,3.18203
0.312353,-0.0735951,2.53596
0.32217,-0.0796281,2.5742
0.323296,-0.144438,2.25807
0.299875,-0.0942988,2.37336
0.341928,-0.104423,1.9126
0.340923,-0.088389,1.70199
0.319552,-0.107488,2.31957
0.305654,-0.126476,3.28764
0.32171,-0.0944731,3.22953
0.314697,-0.127228,3.21584
0.308669,-0.097694,2.19805
0.306258,-0.104953,1.84044
0.321039,-0.12085,2.79641
0.325655,-0.13631,3.28591
0.314692,-0.125936,2.39091
0.281955,-0.108497,3.27447
0.332945,-0.0816311,2.64424
0.336102,-0.0941271,2.73868
0.278144,-0.0894725,2.11315
0.321052,-0.131501,3.36813
0.304912,-0.0897311,2.41785
0.317281,-0.130075,2.48621
0.305214,-0.0850976,2.58014
0.30951,-0.0999144,2.1115
0.309389,-0.0916788,2.19972
0.306331,-0.078663,2.56936
0.325173,-0.134265,2.72323
0.321286,-0.112226,2.21555
0.354434,-0.111566,1.74449
0.295284,-0.10315,1.61579
0.339873,-0.122853,3.08467
0.302874,-0.136122,2.6587
0.300913,-0.121611,2.84598
0.316162,-0.1222,3.19781
0.331382,-0.062725,2.3
0.282681,-0.125567,2.75703
0.343547,-0.086149,3.08481
0.367957,-0.0827961,4.4406
0.333483,-0.0930441,1.96853
0.304568,-0.124034,4.09068
0.32298,-0.101645,2.28621
0.313208,-0.0949582,1.40581
0.335508,-0.114728,1.73738
0.312534,-0.113985,1.92989
0.318195,-0.109406,1.95775
0.308112,-0.113201,1.4492
0.318952,-0.107701,3.44132
0.303855,-0.0860407,2.96952
0.316874,-0.124171,2.363
0.314638,-0.106916,2.1487
