x,y,mu_true,sigma_true
0.0,1.8580834601857599,2.0,0.5
0.012591553721802777,2.3468806807830713,2.018886831497685,0.49998414548696285
0.025183107443605555,1.5229411486137576,2.0377706685802077,0.49993658446150724
0.037774661165408334,3.035289544777451,2.0566485173071563,0.49985732446420206
0.05036621488721111,2.1415359280399993,2.075517384687543,0.49974637806133404
0.06295776860901389,1.786425816472811,2.094374279154329,0.4996037628429151
0.07554932233081667,2.2111489224037477,2.113216211038723,0.4994295014198935
0.08814087605261944,2.2628456912063375,2.132040193044178,0.4992236214205693
0.10073242977442222,1.6796946923730223,2.150843240720012,0.498986155486214
0.11332398349622501,2.5092039063729352,2.1696223729345805,0.49871714126589495
0.12591553721802778,1.8161185390852728,2.188374612347918,0.4984166214105068
0.13850709093983055,2.051057337318768,2.207096985883782,0.49808464356600923
0.15109864466163334,3.0968319878834283,2.22578652520102,0.49772126036587294
0.16369019838343613,1.527595820169858,2.2444402671641837,0.4973265294227347
0.1762817521052389,2.556752808631906,2.2630552543133216,0.4969005133192633
0.18887330582704168,2.172251997792692,2.2816285353328696,0.49644327959823753
0.20146485954884444,2.3015537785616496,2.300157165519567,0.49595490075183724
0.21405641327064723,2.21206335247836,2.318638207249325,0.4954354542101503
0.22664796699245002,2.220190711742579,2.337068730442973,0.49488502232889636
0.23923952071425278,2.7160902199126054,2.3554458130308094,0.49430369237636984
0.25183107443605557,3.6621778889026455,2.373766541415878,0.49369155651960384
0.26442262815785833,2.2531240266728063,2.3920280109359098,0.49304871180975757
0.2770141818796611,2.9916692521931783,2.4102273263238385,0.49237526016672933
0.2896057356014639,2.4342352355650982,2.428361602166833,0.4916713083629977
0.30219728932326667,3.2815991761978394,2.446427963363766,0.4909369680066932
0.31478884304506943,3.4380631324492867,2.4644235455810457,0.49017235552390326
0.32738039676687225,1.6808914030638171,2.482345495706744,0.4893775921402138
0.339971950488675,2.6753659889865973,2.500190972302941,0.48855280386148897
0.3525635042104778,2.478314715537812,2.517957146056224,0.487698121453894
0.36515505793228054,3.0609296003978432,2.535641200226258,0.48681368042316264
0.37774661165408335,2.1912723404757894,2.55324033109237,0.48589962099311335
0.3903381653758861,3.2580372922941745,2.570751748398062,0.4849560880834177
0.4029297190976889,3.0697431935050323,2.5881726757933947,0.4839832312866239
0.4155212728194917,1.4945848804120831,2.605500351275163,0.4829812048444395
0.42811282654129446,2.6626578630969537,2.622732027624798,0.4819501676232776
0.4407043802630972,2.546660645686581,2.6398649728439265,0.48089028308906867
0.45329593398490003,3.6512634483469055,2.6568964705875158,0.4798017192813444
0.4658874877067028,3.2549689299384887,2.673823820594535,0.47868464878659567
0.47847904142850556,2.045429440428481,2.69064433911607,0.4775392487109097
0.4910705951503083,2.6339601872896,2.70735535934082,0.47636570065189077
0.5036621488721111,3.7783435342546623,2.7239542318179044,0.4751641906698689
0.5162537025939139,2.9183803841946605,2.740438324876922,0.47393490925840087
0.5288452563157167,2.56120251867823,2.75680502504519,0.47267805131406826
0.5414368100375194,2.160760289676272,2.7730517374620955,0.4713938161055778
0.5540283637593222,2.332336529555209,2.789175886290502,0.470082407242168
0.5666199174811251,2.2815546937168922,2.8051749151251304,0.468744032641328
0.5792114712029278,2.4472168610355753,2.821046287397868,0.4673789044958335
0.5918030249247306,3.666012954902557,2.8367874867799294,0.4659872392401043
0.6043945786465333,3.268693167969016,2.852396017580806,0.4645692575158898
0.6169861323683361,3.1126652905689047,2.8678694051439466,0.4631251841372872
0.6295776860901389,3.5917143163184124,2.8832051962391034,0.4616552480550987
0.6421692398119416,2.844716166189395,2.898400959451278,0.46015968232053206
0.6547607935337445,3.3677532097562186,2.9134542855662104,0.4586387240482516
0.6673523472555473,2.683386210321325,2.9283627879523486,0.457092614378785
0.67994390097735,3.549619311393602,2.9431241029392394,0.4555215984402913
0.6925354546991528,3.6524548850660956,2.957735890192273,0.4539259253096972
0.7051270084209555,2.747110972924523,2.972195833083734,0.4523058479732074
0.7177185621427583,2.41629056792958,2.9865016390600925,0.4506616232861943
0.7303101158645611,2.6940963728264755,3.0006510400054744,0.4489935119324753
0.7429016695863639,3.0100205977655046,3.014641792601262,0.44730177838298246
0.7554932233081667,3.4462267005024003,3.0284716786817616,0.44558669085383196
0.7680847770299695,2.693597884984868,3.042138505585881,0.4438485212637996
0.7806763307517722,3.9474822163804024,3.055640106504767,0.44208754519120974
0.793267884473575,3.2083358700266738,3.068974340825342,0.4403040418302434
0.8058594381953778,3.169298887956649,3.0821390944696865,0.4384982939466734
0.8184509919171806,3.3940400571026563,3.0951322802302186,0.43667058783303336
0.8310425456389834,4.02619987926122,3.107951838100607,0.4348212132632274
0.8436340993607861,2.8754144370572283,3.120595735602379,0.4329504634465877
0.8562256530825889,3.5892935782459046,3.133061968107155,0.431058634981388
0.8688172068043917,3.3447847632362637,3.1453485591544794,0.42914602780781885
0.8814087605261944,3.1814314219312965,3.1574535607651715,0.42721294516043395
0.8940003142479972,3.7304707750328765,3.169375053750173,0.42525969352007353
0.9065918679698001,3.8156852000292596,3.181111148014824,0.4232865825652738
0.9191834216916028,3.0186734976830722,3.1926599828585305,0.4212939251231681
0.9317749754134056,2.6857230498466533,3.204019727269765,0.41928203711989054
0.9443665291352084,3.585532996743851,3.21518858021637,0.41725123753048676
0.9569580828570111,3.5610027093814915,3.2261647709310983,0.4152018483283425
0.9695496365788139,2.362020867153106,3.2369465591923627,0.413134194434136
0.9821411903006166,3.1330155737120498,3.2475322356001373,0.41104860366432344
0.9947327440224195,3.532906740014137,3.2579201218469755,0.4089454066791653
1.0073242977442223,3.096799238208118,3.268108570984099,0.40682493693030186
1.019915851466025,3.2511349189477747,3.2780959676825097,0.4046875306078859
1.0325074051878278,3.1785071028563183,3.2878807284890974,0.4025335265872814
1.0450989589096307,3.7575415731356174,3.297461302077684,0.4003632663753367
1.0576905126314333,2.7547170790398368,3.30683616949498,0.39817709405623997
1.0702820663532362,3.7038730040152545,3.3160038444014095,0.39597535623696656
1.0828736200750388,3.3522850196539857,3.3249628733067587,0.3937584019923262
1.0954651737968417,3.3322815856217587,3.333711835800622,0.39152658280961844
1.1080567275186444,3.8141884030727837,3.3422493447776,0.38928025253290677
1.1206482812404472,4.094382370752726,3.35057404665722,0.38701976730691756
1.1332398349622501,3.949857575125592,3.3586846215985355,0.3847454855205758
1.1458313886840528,3.796140242164617,3.366579783709386,0.3824577677501838
1.1584229424058556,3.6021727310211302,3.374258281250265,0.3801569767022537
1.1710144961276583,3.9865449708856864,3.381718896832779,0.37784347715600214
1.1836060498494612,3.0288319482843713,3.388960447612658,0.3755176359055163
1.1961976035712638,3.0302558053724042,3.3959817854772893,0.3731798217016005
1.2087891572930667,3.660200028366017,3.4027817972277457,0.3708304051933124
1.2213807110148696,3.4320607421146203,3.4093594047552775,0.3684697588691987
1.2339722647366722,2.7921633527112406,3.4157135652122426,0.36609825699823856
1.246563818458475,3.1269357784159735,3.421843271177442,0.3637162755705053
1.2591553721802777,3.5658371387891683,3.4277475508158446,0.3613241922375549
1.2717469259020806,3.128149223918537,3.4334254680326652,0.3589223862525513
1.2843384796238833,3.6426375716662798,3.4388761226217786,0.3565112384101375
1.2969300333456861,3.9854201589222145,3.444098650408443,0.35409113098606243
1.309521587067489,3.078305654559838,3.4490922233863084,0.3516624476765733
1.3221131407892917,3.301868987808626,3.4538560498486968,0.34922557353758193
1.3347046945110945,3.231324946950031,3.4583893745141205,0.3467808949236164
1.3472962482328972,3.444505204248304,3.4626914786460294,0.3443287994265664
1.3598878019547,3.44434811641916,3.466761680166763,0.34186967581423205
1.3724793556765027,3.2336882356117638,3.47059933376569,0.33940391396868713
1.3850709093983056,3.6091163249975025,3.4742038310015215,0.3369319048244649
1.3976624631201084,3.393928567979902,3.477574600398772,0.3344540403065773
1.410254016841911,3.2467299965265353,3.480711107538369,0.3319707132683776
1.422845570563714,4.2096695113909455,3.483612855142379,0.3294823174292747
1.4354371242855166,3.327632586974257,3.4862793831528487,0.32698924731231127
1.4480286780073195,3.731316252974911,3.4887102688047484,0.32449189818161406
1.4606202317291221,3.9819470475749346,3.490905126692995,0.32199066597972664
1.473211785450925,3.733116023471125,3.492863608833558,0.3194859472648345
1.4858033391727279,3.208852400097658,3.4945854047186318,0.3169781391478928
1.4983948928945305,3.7610385214236643,3.4960702413658633,0.3144676392296665
1.5109864466163334,3.960156664072625,3.497317883361632,0.31195484553769226
1.523578000338136,3.2387521122850367,3.4983281328983757,0.3094401564631738
1.536169554059939,2.8477240772532415,3.4991008298059496,0.30692397069781807
1.5487611077817416,3.2500415582194098,3.499635851577022,0.3044066871706254
1.5613526615035445,3.197494573407466,3.4999331133864957,0.3018887049846407
1.5739442152253473,2.859014507334453,3.4999925681049593,0.29937042335367803
1.58653576894715,4.112187227053474,3.499814206306156,0.29685224153902684
1.5991273226689529,3.3337416899534564,3.4993980562684808,0.2943345587861512
1.6117188763907555,3.7177484366875952,3.498744183970496,0.29181777426139144
1.6243104301125584,3.6416678831218974,3.4978526930804694,0.2893022869886781
1.6369019838343613,3.5663432442056435,3.4967237249399417,0.28678849578626886
1.649493537556164,3.1178027341286927,3.4953574585413127,0.2842767992035176
1.6620850912779668,3.133774533634997,3.4937541104994674,0.2817675954576864
1.6746766449997694,3.4007156765025797,3.49191393501743,0.27926128237081044
1.6872681987215723,3.2536555562785043,3.4898372238460618,0.2767582573066247
1.699859752443375,3.576274723258171,3.4875243062378063,0.27425891710756434
1.7124513061651778,3.2240007665729378,3.484975548894488,0.2717636580318471
1.7250428598869807,3.2783643775533458,3.4821913559091713,0.26927287569064834
1.7376344136087833,3.3910357872234846,3.4791721687020964,0.26678696498537924
1.7502259673305862,3.259282676487002,3.4759184659506928,0.2643063200450765
1.7628175210523889,3.440828123134112,3.472430763513687,0.2618313341639157
1.7754090747741917,3.8381735030846307,3.4687096143493172,0.25936239973885594
1.7880006284959944,3.408564810919983,3.4647556084276623,0.25689990820742764
1.8005921822177973,3.2525901831503417,3.4605693726371065,0.25444424998567156
1.8131837359396001,3.3699665658322746,3.4561515706849493,0.25199581440624064
1.8257752896614028,3.6426172668071617,3.451502902992177,0.24955498965667317
1.8383668433832057,3.7892321537365854,3.4466241065824157,0.2471221627178471
1.8509583971050083,3.8638588081243537,3.441515954965077,0.24469771930262676
1.8635499508268112,3.108192560378386,3.436179258012726,0.24228204379470936
1.8761415045486138,3.3441177792917247,3.430614861832676,0.23987551918768338
1.8887330582704167,3.561519965986189,3.4248236486328456,0.23747852702430625
1.9013246119922196,3.896345275759849,3.4188065365818865,0.23509144733601306
1.9139161657140222,3.49359861538776,3.4125644796636125,0.23271465858266427
1.926507719435825,3.1970416562973853,3.406098467525752,0.23034853759254256
1.9390992731576278,3.490791309739027,3.3994095253230423,0.22799345950260885
1.9516908268794306,3.2331610097252175,3.3924987135546973,0.22564979769902582
1.9642823806012333,3.1999947892680107,3.38536712789627,0.22331792375795984
1.9768739343230362,3.712712886103259,3.378015899025937,0.22099820738666875
1.989465488044839,3.1856191359742176,3.3704461924452396,0.21869101636488714
2.002057041766642,3.5325252983392676,3.3626592082942928,0.21639671648651634
2.0146485954884445,3.4696014091873653,3.354656181161516,0.21411567150162972
2.027240149210247,3.0931118691149133,3.346438379887888,0.21184824305880173
2.03983170293205,3.027266031436939,3.338007107365783,0.20959479064777048
2.052423256653853,3.6024701705871776,3.3293637003324026,0.20735567154244217
2.0650148103756556,3.5419324946309505,3.3205095291578424,0.20513124074424743
2.0776063640974582,3.305377022944624,3.3114459976278243,0.20292185092585707
2.0901979178192613,3.391691818429248,3.3021745427211373,0.20072785237526783
2.102789471541064,3.278045736238358,3.2926966343818083,0.19854959294026608
2.1153810252628666,3.2164126691628168,3.28301377528605,0.19638741797327788
2.1279725789846693,3.5090840106221846,3.2731275006040206,0.19424167027661524
2.1405641327064724,3.4926547319426313,3.263039377756428,0.1921126900481264
2.153155686428275,3.110760391259453,3.252751006166025,0.1900008148272594
2.1657472401500777,3.351017481556218,3.242264017004026,0.18790637944154637
2.178338793871881,3.5242982366279962,3.2315800729314956,0.18582971595351852
2.1909303475936834,3.2017329618943284,3.220700867835739,0.18377115360805946
2.203521901315486,3.1235520682225335,3.209628126561747,0.18173101878020453
2.2161134550372887,2.968277174356957,3.198363604638728,0.179709634923396
2.228705008759092,3.1291661465001095,3.1869090880017783,0.17770732251820093
2.2412965624808945,3.1783074012503714,3.175266392708733,0.17572439902150078
2.253888116202697,3.1338658052735906,3.1634373646522342,0.17376117881615977
2.2664796699245002,3.276928958729011,3.1514238792670772,0.17181797316118122
2.279071223646303,3.2580488121977305,3.139227841232869,0.1698950901423592
2.2916627773681055,3.1492297152373734,3.12685118417205,0.16799283462343254
2.304254331089908,2.925469496849725,3.1142958703433266,0.16611150819775047
2.3168458848117113,2.99570716560952,3.101563890330567,0.1642514091404564
2.329437438533514,3.4159850322069274,3.088657262727203,0.16241283236119797
2.3420289922553166,3.1215899666233695,3.075578033816189,0.16059606935737028
2.3546205459771197,2.983683169848711,3.0623282772455793,0.1588014081679006
2.3672120996989223,2.9547553712169954,3.0489100936997566,0.15702913332758126
2.379803653420725,2.648480882809598,3.03532561056638,0.1552795258219578
2.3923952071425276,3.2873300311342004,3.0215769815990994,0.15355286304278037
2.4049867608643307,3.1396254407270274,3.007666386576086,0.15184941874402433
2.4175783145861334,2.7976559235579828,2.9935960309544423,0.15016946299848818
2.430169868307936,3.0064967337550255,2.9793681455205343,0.14851326215497457
2.442761422029739,3.196824014061819,2.9649849860363124,0.1468810787960621
2.4553529757515418,3.1329634696775086,2.9504488328816736,0.1452731716964743
2.4679445294733444,3.1631179679854773,2.9357619906929138,0.1436897957820519
2.480536083195147,2.752803517141257,2.9209267879973426,0.14213120208933563
2.49312763691695,3.1984711037289184,2.9059455768441054,0.14059763772576567
2.505719190638753,2.890792338815303,2.8908207324312785,0.13908934583050403
2.5183107443605555,2.828214226966962,2.8755546527292903,0.13760656553588588
2.5309022980823586,3.0682795213108665,2.8601497581007376,0.1361495319295063
2.543493851804161,2.917271043233254,2.844608490916648,0.13471847601694842
2.556085405525964,2.913060981102185,2.828933315169253,0.13331362468515845
2.5686769592477665,2.6630562933089834,2.813126716081335,0.13193520066647396
2.5812685129695696,2.9239287983651607,2.7971911997122074,0.13058342250331062
2.5938600666913723,2.9085182436420896,2.781129292560391,0.12925850451351362
2.606451620413175,2.7652820642724905,2.764943541163048,0.12796065675637838
2.619043174134978,2.7131841314003515,2.7486365116922435,0.1266900849993467
2.6316347278567807,2.6426391391132746,2.732210789548093,0.1254469906853835
2.6442262815785833,2.760205762526242,2.7156689789488544,0.12423157090103884
2.656817835300386,2.5435697965023008,2.699013702518045,0.1230440183452009
2.669409389022189,2.810023244454709,2.682247600868638,0.12188452129854438
2.6820009427439917,2.7046933783265468,2.665373332184406,0.12075326359367985
2.6945924964657944,2.5896919384787003,2.648393571798477,0.11965042458600753
2.7071840501875974,2.6475060966001904,2.6313110117691743,0.11857617912528165
2.7197756039094,2.649054466731146,2.614128360453207,0.11753069752788886
2.7323671576312027,2.504140519343737,2.596848342076266,0.11651414554984535
2.7449587113530054,2.4616822184110445,2.579473696301119,0.11552668436051697
2.7575502650748085,2.572877074928467,2.5620071777932445,0.1145684705170667
2.770141818796611,2.523299516497578,2.544451555784097,0.1136396559396333
2.782733372518414,2.367787954605718,2.5268096136320572,0.11274038788724508
2.795324926240217,2.5845989398439904,2.5090841483811426,0.11187080893447254
2.8079164799620195,2.431545009829965,2.491277970317553,0.11103105694882426
2.820508033683822,2.5475953021413513,2.473393902524111,0.11022126506888816
2.833099587405625,2.3848283298912367,2.455434780432676,0.10944156168322347
2.845691141127428,2.4968981107876322,2.4374034513746015,0.10869207041000511
2.8582826948492306,2.421962557993921,2.419302774129304,0.10797291007742474
2.8708742485710332,2.374155138680514,2.4011356184710166,0.10728419470485101
2.8834658022928363,2.3767792818727282,2.3829048647138023,0.10662603348475241
2.896057356014639,2.298980908970221,2.364613403254892,0.10599853076538548
2.9086489097364416,2.305406295178374,2.346264134116428,0.10540178603425063
2.9212404634582443,2.4032357583252746,2.327859966485677,0.10483589390231904
2.9338320171800474,2.4394536518076078,2.3094038182537955,0.10430094408903257
2.94642357090185,2.428931133380639,2.290898615553212,0.10379702140807906
2.9590151246236527,2.3254502269062463,2.2723472922937007,0.10332420575394574
2.9716066783454558,2.360468793285418,2.253752789697226,0.10288257208925206
2.9841982320672584,2.075075493370467,2.235118055831627,0.10247219043286504
2.996789785789061,2.0772410509549566,2.2164460451432135,0.10209312584879782
3.0093813395108637,2.2292731932969247,2.1977397179883544,0.10174543843589434
3.021972893232667,2.28950686667087,2.1790020401641264,0.10142918331830081
3.0345644469544695,1.9520857980028792,2.1602359824381048,0.10114441063672602
3.047156000676272,2.161548321790131,2.141444520077357,0.10089116554049199
3.059747554398075,2.130262908141164,2.1226306323767328,0.10066948818037547
3.072339108119878,2.079630887489708,2.1037973021865115,0.10047941370224239
3.0849306618416805,2.099273526156243,2.0849475154394828,0.10032097224147574
3.097522215563483,2.0625717098047427,2.0660842606775436,0.10019418891819751
3.1101137692852863,1.967168078673616,2.0472105285778794,0.10009908383328625
3.122705323007089,2.019883794394756,2.028329311478808,0.10003567206519004
3.1352968767288916,1.9558654656157182,2.009443602905354,0.10000396366753592
3.1478884304506947,1.9387205701335373,1.9905563970946463,0.10000396366753592
3.1604799841724973,1.8499862608106061,1.9716706885211925,0.10003567206519004
3.1730715378943,1.8403005020021002,1.9527894714221208,0.10009908383328625
3.185663091616103,1.830905505109512,1.9339157393224566,0.10019418891819751
3.1982546453379057,1.9902852786123806,1.915052484560518,0.10032097224147574
3.2108461990597084,1.71844311290946,1.896202697813489,0.10047941370224239
3.223437752781511,1.8006671813630413,1.8773693676232677,0.10066948818037547
3.236029306503314,1.91311659003013,1.8585554799226434,0.10089116554049199
3.2486208602251168,1.8937174303111124,1.8397640175618957,0.10114441063672602
3.2612124139469194,1.8612923735124305,1.8209979598358739,0.10142918331830078
3.2738039676687225,1.9413182395984048,1.802260282011646,0.10174543843589434
3.286395521390525,1.724821394037426,1.783553954856787,0.10209312584879782
3.298987075112328,1.8001142132937045,1.7648819441683734,0.10247219043286501
3.3115786288341305,1.7500634478377612,1.7462472103027744,0.10288257208925206
3.3241701825559336,1.5457812973126215,1.7276527077062995,0.10332420575394574
3.336761736277736,1.8837939872750846,1.7091013844467884,0.10379702140807906
3.349353289999539,1.683030706320031,1.690596181746205,0.10430094408903254
3.361944843721342,1.6568547248165406,1.6721400335143235,0.10483589390231904
3.3745363974431446,1.8089513583744565,1.6537358658835726,0.1054017860342506
3.3871279511649472,1.584606107978338,1.6353865967451082,0.10599853076538548
3.39971950488675,1.5865828507575186,1.6170951352861982,0.10662603348475239
3.412311058608553,1.6753563720629256,1.5988643815289834,0.10728419470485098
3.4249026123303556,1.817938464203028,1.5806972258706966,0.10797291007742471
3.4374941660521583,1.5668930984315081,1.562596548625399,0.10869207041000511
3.4500857197739614,1.596029482087176,1.5445652195673243,0.10944156168322347
3.462677273495764,1.5115268471648278,1.5266060974758893,0.11022126506888813
3.4752688272175667,1.3603960140279996,1.5087220296824473,0.11103105694882423
3.4878603809393693,1.5269785883728757,1.4909158516188579,0.11187080893447254
3.5004519346611724,1.572803717330372,1.4731903863679432,0.11274038788724505
3.513043488382975,1.3420939850457976,1.4555484442159032,0.1136396559396333
3.5256350421047777,1.1700102094220783,1.437992822206756,0.11456847051706667
3.538226595826581,1.458641984531015,1.4205263036988813,0.11552668436051694
3.5508181495483835,1.2325569175390567,1.4031516579237342,0.11651414554984532
3.563409703270186,1.6206317692725327,1.3858716395467936,0.11753069752788886
3.576001256991989,1.430683481794728,1.3686889882308257,0.11857617912528162
3.588592810713792,1.0939835402254778,1.3516064282015234,0.11965042458600753
3.6011843644355945,1.349840397962582,1.3346266678155945,0.12075326359367983
3.613775918157397,1.3153368783862278,1.3177523991313627,0.12188452129854438
3.6263674718792003,1.3939966566158721,1.3009862974819555,0.12304401834520087
3.638959025601003,1.2144351349501807,1.284331021051146,0.12423157090103881
3.6515505793228056,1.3268598835988876,1.267789210451907,0.12544699068538348
3.6641421330446082,1.26852301166729,1.2513634883077565,0.12669008499934667
3.6767336867664113,1.1912163222081922,1.2350564588369526,0.12796065675637835
3.689325240488214,1.3747435303826592,1.2188707074396097,0.1292585045135136
3.7019167942100166,1.3649169143881659,1.2028088002877928,0.13058342250331056
3.7145083479318197,1.2062684060784277,1.1868732839186649,0.13193520066647393
3.7270999016536224,1.2790050606151429,1.1710666848307472,0.13331362468515845
3.739691455375425,0.9455183612208775,1.1553915090833522,0.1347184760169484
3.7522830090972277,1.2103223630307995,1.1398502418992629,0.13614953192950624
3.7648745628190308,0.9813978175605711,1.1244453472707099,0.13760656553588585
3.7774661165408334,1.0108550736604485,1.109179267568722,0.139089345830504
3.790057670262636,1.0293875411539049,1.0940544231558949,0.1405976377257656
3.802649223984439,1.238447606072855,1.0790732120026576,0.1421312020893356
3.815240777706242,1.1538621000089602,1.0642380093070867,0.14368979578205188
3.8278323314280445,0.8803629576703049,1.0495511671183269,0.1452731716964743
3.840423885149847,1.0546289919912208,1.0350150139636878,0.14688107879606205
3.85301543887165,1.1269039804567818,1.020631854479466,0.1485132621549745
3.865606992593453,0.9357370939051896,1.006403969045558,0.15016946299848813
3.8781985463152555,1.0117749403071004,0.9923336134239142,0.1518494187440243
3.8907901000370586,0.8160958034818373,0.9784230184009008,0.15355286304278035
3.9033816537588613,0.9032094924590159,0.96467438943362,0.15527952582195778
3.915973207480664,0.9408898100212928,0.9510899063002436,0.15702913332758123
3.9285647612024666,0.7150063434647285,0.9376717227544207,0.15880140816790053
3.9411563149242697,1.1175127436520564,0.9244219661838109,0.16059606935737025
3.9537478686460723,0.9169707803268925,0.9113427372727976,0.16241283236119794
3.966339422367875,0.9606118176590405,0.8984361096694333,0.16425140914045636
3.978930976089678,0.7049666713006435,0.8857041296566734,0.16611150819775045
3.9915225298114807,0.8017800233270731,0.8731488158279506,0.16799283462343248
4.004114083533284,0.7054881150425715,0.8607721587671309,0.16989509014235923
4.016705637255086,0.7684530458045863,0.8485761207329232,0.17181797316118116
4.029297190976889,0.7871560561506431,0.836562635347766,0.1737611788161597
4.041888744698691,0.7622256424473561,0.8247336072912677,0.17572439902150067
4.054480298420494,0.7082551656082123,0.8130909119982219,0.1777073225182009
4.0670718521422975,0.7113526727783387,0.8016363953612724,0.17970963492339598
4.0796634058641,0.7729403075529299,0.7903718734382539,0.18173101878020442
4.092254959585903,0.6439379590265556,0.779299132164261,0.1837711536080594
4.104846513307706,0.705092682850394,0.7684199270685044,0.18582971595351855
4.117438067029508,0.7677107232700163,0.7577359829959742,0.18790637944154626
4.130029620751311,0.7689064202550919,0.747248993833975,0.19000081482725933
4.142621174473114,0.5272927280659847,0.7369606222435716,0.19211269004812642
4.1552127281949165,0.6921776278149627,0.7268724993959799,0.19424167027661512
4.16780428191672,0.8636616061173089,0.71698622471395,0.19638741797327786
4.180395835638523,0.33933836005255624,0.7073033656181917,0.19854959294026614
4.192987389360325,0.6596117728306057,0.6978254572788629,0.2007278523752678
4.205578943082128,0.4371886119597028,0.6885540023721757,0.20292185092585702
4.218170496803931,0.7254967444568584,0.6794904708421576,0.20513124074424746
4.230762050525733,0.5828990776147567,0.6706362996675974,0.2073556715424421
4.243353604247536,0.167859861453016,0.6619928926342171,0.20959479064777042
4.255945157969339,0.40055645408706886,0.6535616201121128,0.21184824305880162
4.268536711691142,1.0369257394245974,0.6453438188384844,0.2141156715016297
4.281128265412945,0.7586570575084188,0.637340791705707,0.21639671648651637
4.293719819134747,0.6741014373694592,0.6295538075547611,0.21869101636488708
4.30631137285655,0.0693193605587088,0.6219841009740632,0.2209982073866687
4.318902926578353,0.9475674160267091,0.6146328721037302,0.22331792375795984
4.331494480300155,0.3230172151989825,0.6075012864453027,0.22564979769902577
4.3440860340219585,0.67224862431621,0.6005904746769577,0.2279934595026088
4.356677587743762,0.6053981181442069,0.593901532474248,0.2303485375925426
4.369269141465564,0.7072521759570511,0.5874355203363879,0.2327146585826642
4.381860695187367,0.09760844852665129,0.5811934634181137,0.23509144733601306
4.39445224890917,0.7428169034632135,0.5751763513671542,0.23747852702430627
4.407043802630972,0.30206539666975324,0.5693851381673241,0.2398755191876833
4.419635356352775,0.7852885928626994,0.5638207419872743,0.24228204379470936
4.4322269100745775,0.6239510376495107,0.5584840450349233,0.24469771930262663
4.444818463796381,0.5613126769492258,0.5533758934175848,0.24712216271784707
4.457410017518184,0.3016262016474086,0.5484970970078229,0.24955498965667317
4.470001571239986,0.9252342805897522,0.543848429315051,0.2519958144062406
4.482593124961789,0.7959116017764813,0.5394306273628937,0.2544442499856715
4.495184678683592,0.6925043168385728,0.5352443915723377,0.25689990820742764
4.507776232405394,0.28643028814631843,0.531290385650683,0.25936239973885583
4.520367786127197,0.31450958806573814,0.5275692364863129,0.26183133416391563
4.5329593398490005,0.6219587085084792,0.5240815340493072,0.26430632004507654
4.545550893570803,0.867457589806301,0.5208278312979036,0.2667869649853791
4.558142447292606,-0.1892150073860528,0.5178086440908287,0.26927287569064834
4.570734001014409,0.616535009700577,0.515024451105512,0.2717636580318471
4.583325554736211,0.881081762064172,0.5124756937621935,0.2742589171075643
4.595917108458014,0.2736030859209071,0.5101627761539382,0.2767582573066247
4.608508662179816,0.646927967284489,0.5080860649825703,0.2792612823708103
4.6211002159016195,0.2879095436003812,0.5062458895005326,0.28176759545768637
4.6336917696234226,0.6280057683291393,0.5046425414586873,0.28427679920351756
4.646283323345225,0.7083509184340506,0.5032762750600583,0.28678849578626875
4.658874877067028,0.2776970620164855,0.5021473069195304,0.2893022869886781
4.671466430788831,1.197692796656208,0.501255816029504,0.29181777426139144
4.684057984510633,0.6890671568214664,0.500601943731519,0.2943345587861511
4.696649538232436,0.20317724961979206,0.5001857936938441,0.2968522415390268
4.709241091954239,0.2588783291781889,0.5000074318950409,0.2993704233536781
4.7218326456760416,0.3511978044282599,0.5000668866135043,0.30188870498464065
4.734424199397845,0.5640540934029673,0.5003641484229784,0.30440668717062536
4.747015753119648,0.5919680596465073,0.5008991701940504,0.30692397069781807
4.75960730684145,0.2678484750935345,0.5016718671016243,0.3094401564631737
4.772198860563253,0.4232495125599369,0.5026821166383679,0.31195484553769226
4.784790414285055,0.5023866472044909,0.5039297586341367,0.3144676392296663
4.797381968006858,0.26200146078563336,0.505414595281368,0.31697813914789275
4.809973521728661,0.6686795082263355,0.5071363911664419,0.3194859472648345
4.822565075450464,0.8619679319969662,0.5090948733070051,0.3219906659797265
4.835156629172267,0.49861330931619635,0.5112897311952513,0.324491898181614
4.84774818289407,0.20103870369537585,0.5137206168471511,0.32698924731231127
4.860339736615872,0.49439662566259585,0.5163871448576212,0.3294823174292746
4.872931290337675,0.35169849523129076,0.5192888924616308,0.33197071326837757
4.885522844059478,0.7888171034668292,0.5224253996012276,0.3344540403065774
4.89811439778128,0.5653788406859227,0.5257961689984783,0.3369319048244648
4.9107059515030835,0.6384752352635185,0.5294006662343096,0.3394039139686871
4.923297505224887,0.8943432025342615,0.5332383198332371,0.3418696758142321
4.935889058946689,0.4331367971528423,0.5373085213539706,0.3443287994265663
4.948480612668492,0.6504387897446487,0.5416106254858795,0.3467808949236164
4.961072166390294,0.5953434101813402,0.5461439501513028,0.34922557353758177
4.973663720112097,0.6715435363480649,0.5509077766136916,0.35166244767657323
4.9862552738339,0.763904417135285,0.5559013495915572,0.35409113098606243
4.9988468275557025,1.473759950210216,0.561123877378221,0.3565112384101373
5.011438381277506,0.6333523679480999,0.5665745319673348,0.35892238625255124
5.024029934999309,0.571150093908899,0.5722524491841556,0.3613241922375549
5.036621488721111,1.3522866156306887,0.578156728822558,0.3637162755705052
5.049213042442914,0.5522426523699709,0.5842864347877574,0.3660982569982385
5.061804596164717,0.341949670221539,0.5906405952447225,0.3684697588691987
5.074396149886519,0.4621416229635676,0.5972182027722541,0.37083040519331234
5.086987703608322,0.8756429714569196,0.6040182145227107,0.37317982170160047
5.0995792573301255,0.8352869889798897,0.611039552387342,0.37551763590551634
5.112170811051928,0.5138035333330436,0.6182811031672206,0.3778434771560021
5.124762364773731,0.6481362176895124,0.6257417187497349,0.3801569767022537
5.137353918495533,0.8724657696107229,0.6334202162906137,0.3824577677501837
5.149945472217336,0.5102545322903494,0.6413153784014645,0.38474548552057575
5.162537025939139,0.4217222195794673,0.6494259533427802,0.38701976730691756
5.175128579660941,0.8952312305607438,0.6577506552223993,0.38928025253290666
5.1877201333827445,0.41640157788863935,0.6662881641993779,0.3915265828096184
5.200311687104548,1.1510869141367024,0.6750371266932413,0.3937584019923262
5.21290324082635,0.2351582971034067,0.6839961555985903,0.3959753562369665
5.225494794548153,0.3809996882878535,0.6931638305050201,0.3981770940562399
5.238086348269956,0.8580044608694893,0.7025386979223165,0.4003632663753367
5.250677901991758,0.8172714633264258,0.7121192715109024,0.4025335265872813
5.263269455713561,1.4691377046934475,0.7219040323174901,0.40468753060788587
5.275861009435364,0.4851987169039832,0.7318914290159015,0.4068249369303019
5.288452563157167,0.47224173622082716,0.7420798781530242,0.40894540667916524
5.30104411687897,0.5302005421850235,0.7524677643998627,0.4110486036643234
5.313635670600772,0.7210359999787663,0.7630534408076368,0.4131341944341359
5.326227224322575,1.2322619926757648,0.7738352290689012,0.41520184832834245
5.338818778044378,1.2064414637002048,0.7848114197836298,0.41725123753048676
5.35141033176618,0.27501791820807986,0.7959802727302343,0.4192820371198904
5.364001885487983,1.3027200899493467,0.8073400171414695,0.4212939251231681
5.3765934392097865,0.6632151483969657,0.8188888519851758,0.4232865825652738
5.389184992931589,0.5566667581700184,0.8306249462498265,0.4252596935200735
5.401776546653392,0.6058082829999532,0.8425464392348285,0.42721294516043384
5.414368100375195,1.4716525311745403,0.8546514408455208,0.42914602780781885
5.426959654096997,0.696816500009577,0.8669380318928441,0.43105863498138797
5.4395512078188,1.0848822359316128,0.8794042643976212,0.4329504634465877
5.452142761540603,0.780036971035918,0.8920481618993932,0.4348212132632274
5.4647343152624055,0.9517374560335502,0.9048677197697812,0.4366705878330333
5.477325868984209,0.9274325055695831,0.9178609055303135,0.4384982939466734
5.489917422706011,0.4136431765169787,0.9310256591746575,0.4403040418302433
5.502508976427814,0.7734371991166831,0.9443598934952326,0.4420875451912097
5.515100530149617,1.735175879096508,0.9578614944141188,0.4438485212637996
5.527692083871419,1.0295342679513508,0.9715283213182375,0.44558669085383185
5.540283637593222,0.9897114679117882,0.9853582073987375,0.4473017783829824
5.552875191315025,1.0210330036979607,0.9993489599945256,0.4489935119324753
5.565466745036828,1.3255925103355604,1.0134983609399066,0.45066162328619425
5.578058298758631,1.2920361854359463,1.0278041669162656,0.4523058479732074
5.590649852480434,1.6684079100015325,1.0422641098077274,0.4539259253096972
5.603241406202236,1.4472895917881459,1.0568758970607603,0.4555215984402912
5.615832959924039,0.6607721680177024,1.0716372120476512,0.45709261437878496
5.628424513645842,1.1631496880906564,1.08654571443379,0.4586387240482516
5.641016067367644,1.1175143977231152,1.1015990405487215,0.460159682320532
5.6536076210894475,1.0626415440967745,1.1167948037608961,0.46165524805509867
5.66619917481125,1.9273101942654678,1.1321305948560523,0.4631251841372871
5.678790728533053,0.5571021027806142,1.1476039824191935,0.46456925751588973
5.691382282254856,0.7169233153912635,1.1632125132200704,0.4659872392401043
5.703973835976658,1.5653963101858546,1.178953712602131,0.46737890449583347
5.716565389698461,0.8053902577201719,1.1948250848748692,0.468744032641328
5.729156943420264,0.8245821994919276,1.210824113709498,0.470082407242168
5.7417484971420665,1.7832431191760423,1.2269482625379036,0.47139381610557773
5.75434005086387,0.6137407950789872,1.24319497495481,0.47267805131406826
5.766931604585673,1.4456704870158346,1.2595616751230783,0.47393490925840087
5.779523158307475,1.1075632216998743,1.2760457681820951,0.47516419066986887
5.792114712029278,1.324510640481416,1.2926446406591796,0.47636570065189077
5.804706265751081,1.0431646006315494,1.3093556608839299,0.4775392487109097
5.817297819472883,1.9613665833835974,1.3261761794054645,0.47868464878659567
5.829889373194686,-0.3324584797566701,1.3431035294124842,0.4798017192813444
5.842480926916489,1.3092397325293361,1.3601350271560724,0.48089028308906856
5.855072480638292,1.7556104999447104,1.3772679723752015,0.4819501676232775
5.867664034360095,0.9571897910675558,1.394499648724837,0.4829812048444395
5.880255588081897,1.3079183730589217,1.411827324206604,0.48398323128662385
5.8928471418037,1.071935182650283,1.4292482516019371,0.4849560880834177
5.905438695525503,1.5266940178745647,1.4467596689076299,0.48589962099311335
5.918030249247305,1.4572265094309564,1.464358799773741,0.4868136804231626
5.9306218029691085,1.1165051801959334,1.4820428539437758,0.48769812145389396
5.9432133566909116,1.2997265605533637,1.4998090276970588,0.48855280386148897
5.955804910412714,1.1589964074258186,1.5176545042932554,0.48937759214021376
5.968396464134517,2.107483950773206,1.5355764544189539,0.49017235552390326
5.98098801785632,1.2738677213529708,1.5535720366362342,0.4909369680066932
5.993579571578122,2.1989572929469636,1.571638397833166,0.49167130836299766
6.006171125299925,1.1756129566489624,1.5897726736761613,0.49237526016672933
6.0187626790217275,1.6959587752565488,1.607971989064089,0.4930487118097575
6.0313542327435306,1.391251417073135,1.6262334585841214,0.49369155651960384
6.043945786465334,1.7080086423594443,1.6445541869691906,0.49430369237636984
6.056537340187136,1.6890213770072668,1.662931269557026,0.49488502232889636
6.069128893908939,2.6123699682885935,1.6813617927506748,0.4954354542101503
6.081720447630742,1.2161419468138381,1.699842834480433,0.49595490075183724
6.094312001352544,1.469636324663569,1.7183714646671295,0.49644327959823753
6.106903555074347,0.9466535353961969,1.736944745686678,0.4969005133192633
6.11949510879615,2.459426814409287,1.7555597328358166,0.4973265294227347
6.132086662517953,1.7526444396630643,1.7742134747989793,0.49772126036587294
6.144678216239756,1.6248178408632385,1.7929030141162174,0.49808464356600923
6.157269769961559,1.8648625291611451,1.8116253876520823,0.4984166214105068
6.169861323683361,0.8924560106980879,1.830377627065419,0.4987171412658949
6.182452877405164,1.871934385588679,1.849156759279988,0.49898615548621394
6.195044431126966,2.71259092679185,1.8679598069558212,0.4992236214205693
6.207635984848769,1.9327663944240727,1.8867837889612762,0.49942950141989345
6.2202275385705725,1.2734919845516894,1.9056257208456706,0.4996037628429151
6.232819092292375,2.285559914828948,1.924482615312456,0.49974637806133404
6.245410646014178,2.205467960643582,1.943351482692843,0.49985732446420206
6.258002199735981,1.449073862987055,1.9622293314197923,0.49993658446150724
6.270593753457783,1.8668567476510203,1.9811131685023142,0.49998414548696285
6.283185307179586,1.8261539820232024,1.9999999999999996,0.5
