"y","l1","l2","l3","u_true","f_true"
0.4837973695335806,1.5975428484089595,0.6777150326242986,-1.429073055373193,1.3262620182455258,0.9136602510847542
-0.7540803908897515,-1.2450639553714893,-0.1416377768417295,0.008049145257267454,-1.0651939543745927,-0.9996356677818807
0.09993954168715236,-0.4475199863144753,0.6531513631883391,-0.6364399948914281,-0.1290527557633463,-0.19237240221131796
0.3133288826822195,0.2449207004522701,0.2955267120548175,0.014976945623198514,0.3648233238482217,0.5203279914513429
-0.9342560977306982,-0.2307245497950058,-0.9853040865597487,-1.903072636203905,-1.1716505587491155,-0.9826259241760534
1.178380981867256,1.2196901449493867,0.19329428397946433,-1.314683086234061,0.7784332440755307,0.9198311471747971
-0.16816196060868088,1.903074955812436,1.5365481445555904,0.12987960965779421,2.4076766745182434,-0.45281706103628283
-0.4449145197156741,-0.8574384501734669,0.42715310675822854,1.1768072299803871,-0.1712783192794158,-0.2541004177492504
0.7226509934664498,0.30251842567520976,0.7671165776561559,-1.3762264515396625,0.3624145867820314,0.5172391307101145
-0.3679990761436398,-0.02598094444672211,0.6914630419599233,-1.4081655050384305,0.05198483015387585,0.07789824645186472
-0.8601413563038427,-1.1594233796407225,-0.22297621508720408,1.4299447088712647,-0.7213686388938114,-0.8829235651359334
0.40526716378014216,-0.667158738828426,0.9557068073637073,-0.313840096608456,-0.05879431475291506,-0.08807719491829316
0.05779026506118176,0.47513600521042937,-0.709052742479206,0.6737179078657156,0.12773490551691857,0.19043217446327781
-1.0979991419624051,-1.1260680862292665,-0.3698750782763849,-0.5036878345582636,-1.2159780848514499,-0.968123083724937
-1.0525944339858124,-0.9659898636824945,-0.7691767431245934,0.015877084299593662,-1.1975028256396456,-0.9746918418679336
-0.6255887594127338,0.17056567752680732,-0.0465337894098894,-2.2419025382163764,-0.3988462022590035,-0.5632132229164243
-0.4258918890810335,-0.2219356970647454,0.17321922292855157,-0.4851339224233354,-0.1877000107619981,-0.2778449674322457
0.5883966338414989,0.11465840547389902,0.5498733763083087,1.008291770902434,0.6305151765254999,0.8109493332142748
0.7239142732123196,0.8789263397606764,1.1753589324149756,0.08740705731605232,1.3818414402003676,0.8766383960011866
-0.20503489315177914,-2.031138861644937,2.2275822826524485,-0.1545231157847041,-0.38374078523152755,-0.5443475848249935
-0.9220751502844066,-0.9535964450823726,0.4141599751950119,-1.3063176508092207,-0.8171655291002854,-0.9410592068710456
-0.9404904918316055,-2.6057890746087704,0.05647164124194992,0.955870909721784,-1.8168996805367545,-0.40432722965179557
-0.3653918677308069,1.1280637522108155,-2.3597742780210242,0.20934474143728427,-0.39445538601899965,-0.5577587730663649
-1.1623480564160404,-0.17074227269061357,-1.3432288005077366,-0.08849416176320042,-0.9158228304999863,-0.980646021739825
-0.7234099817322655,-0.931025989608763,0.799137193344071,-0.5954353935505443,-0.4203427610677186,-0.5895601206134808
0.03606037360570996,0.26923698027633475,-0.18723051248677267,-0.2305832960042517,0.05518035586199098,0.08267605654165225
-0.8607970297905118,-0.8161805000460612,0.7116739329259919,-0.9406376987847358,-0.4570061728743497,-0.6330673095697891
-1.032422749711888,-1.649990364658539,0.843761969819936,0.6540383281311201,-0.6819756714894127,-0.8536552766983374
-0.9006427522646279,-0.41568845949851624,-0.6025709144560064,-0.6748213744831149,-0.8234277000708272,-0.9441948368099481
0.3463483457020947,0.5062379565446063,0.15327540725982328,-0.5102067486006667,0.3724771633539281,0.5300976685880494
0.8239662694245374,1.4126086347984306,-0.35422748927775255,1.2760050212342176,1.2080414315050174,0.971036307895814
0.2929550326761571,0.4579785012428403,-0.17317111501123142,-0.6481675285320881,0.1181710977432172,0.17632987219943944
-0.7668752058314501,-0.6694300822467174,0.3952067167142856,-0.6881458867333234,-0.4626788278656449,-0.6396310880138645
1.1354805461038362,1.4576173520476228,-0.012689401010797567,-0.04473079791996824,1.1379851668943897,0.9907416315480257
0.8163951550390952,0.9758105250457766,-0.08877646826879677,0.18204543489919356,0.7643868879549707,0.9113617145407599
1.0661824676679759,-0.8325047668277149,1.641348430884972,2.2056187500919835,0.7688666382152871,0.9141069590692558
0.4915791244808401,1.023582323758929,-0.9061132237839501,-0.4706925990967828,0.1917086495915474,0.2836161134004486
-0.4548804995930066,-0.9340779930007421,-0.2867128512733709,1.9719387004355766,-0.45610754949887944,-0.6320233026122749
0.23551685761864016,0.6621143759432835,-0.3394607317564995,-0.3017600803663268,0.264270834255307,0.38610577308825333
-0.19340092415755816,-1.9140311991162746,-1.2114873093361773,2.012938425849248,-1.7470783371891556,-0.49772615343380433
0.8583175571893977,0.11497725599147361,2.7485837968602365,-2.14757815142692,1.1608787453107958,0.985496354886863
-1.1321452042036848,-0.7145219399038975,0.10715130134364868,-0.7983360165552214,-0.6864507766320708,-0.8571322278520367
0.047269659265520014,0.15954249287683986,-0.21508779501970732,0.5034000993886243,0.11868059945019824,0.17708209821815582
-0.529352910975385,-0.501725280248541,-2.493080302284994,-0.4744510978122209,-1.9165352102459055,-0.2636362071562783
0.1903827172227778,-0.6772315900871607,1.1802545605373713,-0.4154808387429591,0.03733004092624344,0.05596580438615608
0.4935406781447299,0.11532327378716158,0.5184353627409659,-0.5805790195905026,0.2534354954704078,0.3710627766028679
-0.11563977697105011,-2.2223459901057425,0.040749929710657044,-1.027514553754389,-1.9710340500799395,-0.18398740235432373
1.0161816254271094,-0.6638032893858716,-2.5835910537506614,-3.0486538556608513,-2.679181010888769,0.768938323370072
-0.21303308047455374,-0.39136148502316837,0.3665421646706459,-0.19504844972374866,-0.14684687356075235,-0.21849341027732572
-0.8544930620957065,-0.9451912330123972,0.6669348997952828,-2.0032529340203826,-0.8252227512112741,-0.9450783140984551
-0.6645350337427186,1.1657965524770044,-2.5966617063262425,0.3458926157650717,-0.4677376907375033,-0.6454456019492915
-0.7383598532675654,-0.9792165671982169,0.5242337902615708,-0.40679767966176333,-0.5714536947717036,-0.7560000332230575
-0.7007755284160917,-1.3139969236971951,0.3237300319329508,-2.7340527574911264,-1.4773309670263808,-0.7989794368591681
-0.7119810679835097,-0.7994102701155444,0.25471197907217347,-0.029910256330702163,-0.49617879995106706,-0.6774336915852404
-0.24957274638040905,-0.5842198141840221,0.22474314488943592,1.0865949695499602,-0.08974801828739089,-0.13421576788056544
1.055246253095854,1.1529140176111121,0.568958744443975,-0.023128608554618006,1.2306645065343136,0.9623707513276609
1.080532317143392,1.140237951093836,0.4969030610286381,0.8559181415325852,1.3788889248910001,0.8787606950353452
0.8260122854334818,0.43214728379661044,0.6947132934822281,1.7124935584265597,1.123624690595439,0.9934359476358314
0.5207643938968074,0.6143639732965044,-0.34801732814229375,0.8029210221287841,0.47174094494634283,0.6500205033158494
1.257555571370005,0.9860033486648523,0.19824496160958616,0.18144332653447162,0.9348231940074769,0.9858271099051754
0.17118111609690384,-0.27578459136488254,0.6779730210930385,-1.0551058049320725,-0.07369296494819408,-0.11031447189314703
0.8074347517879632,1.6324964495519854,-0.36022237336695767,-0.5784021631683336,0.9589887092599682,0.9912593631143862
-1.0020651202110489,-1.4937185799797836,-0.27768742593243095,-0.7684439209005174,-1.515140098770077,-0.7636078697686819
0.827847679635169,-0.38157111752048883,2.3221742603460043,-0.10258500630741128,0.9890104135149185,0.9961934565510154
-0.7506768844469103,-0.6445078529198396,-0.8354659395821957,-0.6617007010243816,-1.1336681576798198,-0.99159997497527
0.16571227996297877,0.13465579991662113,-0.5291049215107245,1.4086337932586557,0.12617343191758823,0.18813230543513113
-0.5180104295352943,-0.754426823758324,-0.21075324959183503,1.634344127434025,-0.3471635844545043,-0.49752685193443585
-0.9632885760098442,-1.7941742992949556,0.10318595128694202,0.9239505464954548,-1.154400509700191,-0.987098802381635
0.6600533217116717,0.26766376486244325,0.043488608223673786,0.7246297448073875,0.4008655735084782,0.5657135801398139
-0.28850454008772497,-1.450884864903233,-0.5854300890061689,-1.7784251303683634,-1.8841310370543378,-0.3101930554656136
0.9497052014944747,-1.7153646917160068,-2.682735154704916,-1.929580415638348,-3.315351252143651,0.9662257904006192
-0.896532729192868,0.5840299720838048,-1.9087237415160434,-0.2754700135630499,-0.6800850952633481,-0.8521748189527815
-1.1643988949044304,-2.1541593075670957,0.6378561650298236,0.18868923814061814,-1.3035289367301532,-0.9269871922969303
-0.6385878323156118,-0.37375340406595303,-0.2303706922185663,0.7553673080032518,-0.2555993881304668,-0.3740749280021672
1.014380128512708,0.439322867451282,0.16488840384381676,1.1924739385049752,0.7115964826843302,0.8759466725902643
0.05953865087763427,0.1721319788590839,-0.3113489828265047,1.4629288005067433,0.2914522458039342,0.42338489726779555
-0.4645575343942678,-1.8777023348362405,-0.9854619565055057,1.2809698061937365,-1.7560808935763605,-0.485968790976091
0.8061828959351813,0.4521533518845576,0.6198646914403807,1.3778647067836003,1.0213281893026933,0.999247217595458
-0.9972242669808484,-0.6262350112169316,-1.1697285874794738,-0.1808701643186823,-1.1995374993614543,-0.9740050181846189
0.46909667884129064,0.9238341581375886,-0.39064180224065653,-0.7528045199412089,0.34059131597933795,0.4889511564112045
-0.45706130482459706,0.2765450388980104,-0.12084171958993667,-1.1285880540967177,-0.10480010134625488,-0.15655349945067254
0.24648561608727326,-1.811677640227284,-1.9489176069680252,1.1788166082926874,-2.272332619009202,0.2637485227952598
-1.0275753836091508,-0.969295847247666,0.13338032052781817,-0.1309294467098778,-0.7223959432415062,-0.8836460214752808
1.0456913376674082,0.16599736410159843,0.9474448149174591,2.6959534007285746,1.2784667288495504,0.9404299001158527
-0.36950582911297825,-0.04914833433769808,-0.7638201937540487,0.15100858530948194,-0.43718599234679917,-0.6097768336729481
1.3242790757534475,0.10793126347071193,0.5282511763409831,1.6707956891154894,0.7629697187479012,0.9104846821916464
0.01952351617776224,0.502812135128609,-0.19845245923326083,-0.5878997632544389,0.15304118212465498,0.22755081493690618
0.40725162905915485,0.9152396687620423,-0.8735998998665898,0.026969518533893,0.23694224184075097,0.34797792367015634
-0.43394174540540686,-0.7664785975867678,1.1659398487654467,-1.349818834144668,-0.25309659550359703,-0.37059067095766085
0.07402511761237893,-0.5615276403776747,0.4308876142862383,0.7315006847580627,-0.035469035726581305,-0.05317845731827466
-0.5720598878338526,0.07488886159160267,-0.8772794313673946,0.055530130844392345,-0.4247301212953521,-0.5948629828419072
0.7053758689080807,0.12468342425106063,0.38495902669693893,-0.4575653473092598,0.21314531010465432,0.3142988306466539
0.7178361137822814,1.4026376498474253,-0.6962640801744074,-1.2991021666253788,0.42335145520802486,0.593199398249261
0.4788116890923731,-0.430628304132719,1.0209470480999498,1.0876916980977958,0.48299773650234146,0.6627585676067417
0.34023231103642937,0.858265353189695,-1.0975007751473003,0.6868516361994538,0.21445970941215028,0.3161699049702421
-0.2232576164496216,-0.783921342934832,0.503672253851956,-0.06971833477779976,-0.3519711242059631,-0.5037693015981525
-0.9675497360436651,-0.7270868180996458,-0.9399331419739086,0.9522680743630932,-0.8927706951285771,-0.9732911374256147
0.7196083859012499,0.9643030787942145,-0.4109428037303857,-1.3317921360941518,0.23005868155532153,0.3382795115943728
-0.7918447509536394,-0.3226540545002562,-1.5154040961401096,-1.0935831326985515,-1.3613100840895371,-0.8910383461426328
1.4569410474181543,0.37103642336263215,1.0167346494499934,1.9390702863511187,1.308806811964415,0.9239886326359646
0.27111605929199134,0.5754709239245115,-0.0091260633808766,-0.5282486470155444,0.33132337942849877,0.47677751292553566
-0.5591502519698954,-1.2383758789450938,0.6604417536635966,0.9968810990108508,-0.3818785672894117,-0.5420022546293288
0.5440790936218264,0.6585176842239548,-0.5146947827800215,1.1330971700162367,0.487144554842201,0.667403628676367
0.712621905423013,-0.9087104490306939,1.1948042837430026,0.9407127929111522,0.16921584313048177,0.25110703467133044
-0.7599430761475349,0.10339519486644928,-1.2780925509417138,1.3076337554768787,-0.3455062841798183,-0.4953688826665905
-0.03883362374400691,-0.11114757430962346,-0.31191815777469645,0.7028361161975504,-0.1055227367170825,-0.1576239946208847
-0.8431975143221719,-0.7778438094660496,-0.8745501832189847,-1.0775851129273912,-1.3556557961006286,-0.8948562116928912
0.8809032909144708,0.49556035149669064,0.4693732051017958,0.3592890507018519,0.7398713219582946,0.8956128417358966
-0.10272389279924021,0.8493283086690258,-1.7505571350160833,0.5833989001098784,-0.1857715283520422,-0.27506498351819064
0.45456200461580415,0.06847094521441982,0.450211893054832,0.20962454337251285,0.3566225598938456,0.5097841228034129
-0.35157471234287924,-0.5972173657874433,0.23475747175048672,0.6591474134034162,-0.19117811278045535,-0.2828528958881377
0.06533671483530284,0.6387316290731618,-0.22945213129610964,-1.303378585390126,0.08119599104923406,0.1214930990565705
0.8459271572049515,0.7206467317062605,0.50799254109775,-0.6601314106075378,0.7092840375808429,0.8742680935663802
-0.9287409739758626,-0.8540000811033477,0.19238462685930288,-0.5605098476516227,-0.6948894135175905,-0.8635834558984666
-0.83581392139531,0.4125316433452019,-1.6833944348274128,-1.8752065288394824,-1.0507150124251499,-0.9999860809321091
-0.9746036250363626,-0.8875487705117838,0.23718419835902035,-1.584322122210195,-0.9279649630748443,-0.9840491250425095
-1.1547555286438838,-1.2236488005229282,-0.16519516678791973,-1.1272946920403792,-1.318661929138394,-0.9182346919992102
-0.14618886294820596,-0.25538242034622904,0.27058546817996654,-0.5253399905076093,-0.16819178021478914,-0.24961986212705253
1.0837832832488221,0.4298964142853254,1.3440822543296695,-0.12531024042520067,1.073292838683541,0.9992340132766019
1.2977181084213498,0.7936463287746692,-0.03342176992444904,1.4000647340006103,0.9271701355752819,0.9838363296457323
0.12277449607476623,0.45058403282376636,-0.36880190557832365,0.029797216550277998,0.15508494350173654,0.23053495962959378
-0.6244783020114177,0.4409617877774715,-1.2551332129440527,-0.7119041837679937,-0.5222901737976835,-0.7057174380310428
0.6414703077574149,0.4250372871587918,1.0667574824587644,1.3271833460711424,1.2413623149996047,0.9578865063029641
0.6795988938710449,0.28615814917640114,2.2144319199486144,-0.48532589590952624,1.370577740426502,0.8846421800074821
0.2674926475837412,0.284391003866745,0.1432950685894675,-0.9240559033137674,0.09727398379438033,0.1453937854573173
0.8342096910922586,0.4559559808128283,1.2226992628314974,1.7920176254094828,1.4594171678501813,0.8148479833415224
-0.11042438353204004,-1.292141116089684,1.1050893184161026,1.3328578215254507,-0.09667670925643894,-0.14450733549696657
-0.40885348003766914,-2.108235251119787,1.7373724728419428,1.0709223714724077,-0.4448648135009556,-0.6188652241351648
0.5245546712578922,1.139282573189854,-0.2511303252752253,-1.664971016145821,0.38377220635396103,0.5443871210934879
1.4642523094830295,1.1073567152537032,-0.17256503897567885,0.8315213430805775,0.9682909928713226,0.9930036478470968
-1.1255698389016422,0.1253259435581609,-1.5287710346747314,-0.04810167075903029,-0.7770564685633367,-0.9190189927791353
0.7712688572906135,0.2069832404757702,1.5503420751607089,0.2868065330536082,1.1067109122605994,0.9960180752671415
-0.6547032150951418,-0.4584118937397347,0.14674348051506753,-0.5766667877449209,-0.4108466571968381,-0.5779953474043398
-0.9315735838932757,0.3071794032256785,-1.9739069832347296,-0.3492953748349922,-0.9531360699946063,-0.9900629935724007
-0.2187258075858564,-0.23773087854819389,-0.7844944348116312,1.7796164730168031,-0.22955279344025767,-0.33756531852985355
0.4806084623306871,0.6408966220833745,0.2875500705854006,0.7810018037370169,0.8476260202567363,0.9555262237009162
1.1396631999463884,1.196431642917362,0.33649214919254483,0.16972412913179932,1.1772205636010151,0.981040980414305
-0.13528934113678076,-1.1312711643254945,1.4900453368416555,-0.9357596557016709,-0.2649744272850258,-0.38707910672648005
-0.06491468836882226,-0.41259266057763166,0.9237494009940829,-1.1167104378985804,-0.05693343631927795,-0.0852963857857127
0.8342701560174306,-0.21352412668102744,1.0918914406224618,0.3934236541990664,0.538016789252009,0.7222328415424467
-0.7063764255916435,-1.8161333324637199,-0.48962287263250553,1.14153720938332,-1.4581433381808098,-0.8159541054430227
-1.2537174627379695,-0.9641133202697456,-1.2307900413724484,0.9081121691809215,-1.2553010977298207,-0.95167385948957
-0.8014131768766843,-1.2119836205490833,0.15146156598605204,0.11314018198239377,-0.8492414212146892,-0.9562380053645622
0.8998202475902437,0.22587647130942948,0.30720323680129435,0.32317530253297905,0.4261326982467609,0.5965528091664796
-0.8664963514037266,-1.3902908911767256,1.5628529463424556,-1.453633331771666,-0.5463279908839213,-0.7307991576934421
-0.4336535951586172,-1.8439871577987108,-0.8503947448090509,-0.475104508836532,-2.0505642216102347,-0.065698965802022
0.6934923047178032,-0.031726490314674394,0.560150889424859,-0.8714386815023326,0.09463476927952903,0.14147590156172257
-0.8924117361064919,-0.34252694479353185,-1.3224915309903313,-1.4405817730726722,-1.3464257009028378,-0.9009500911537123
-0.10520711347592984,0.9931678812697203,-1.6189544443013277,-0.04285229072427832,-0.13907777312565178,-0.20710675122978336
-0.9427138555238923,-0.01948852767280472,-1.600279000880419,-0.6649389361525483,-1.0720050863824386,-0.9993077393583006
-0.2476050317783,-0.2527297372495472,1.068330093759911,-1.838972175749567,-0.011934431314628029,-0.017900690833552058
0.5040019807074917,-0.05133047056176894,2.9804592946309856,0.5630461393691344,1.7741734287327746,0.46207408512511144
0.9727036540789983,0.3453129314547527,0.2052352480749459,0.9611319613829117,0.6075380396429138,0.7903052672563703
0.6604135208427898,1.3956201003523956,-0.44818242863715707,-1.5609484023027789,0.49894147060478705,0.6804761300115316
0.29183245417579606,0.13370567809133863,0.9893952512594016,-1.3141765914099186,0.3685066737398829,0.525038211844158
-0.959772587693037,-1.1041324201668303,0.3067679341532292,0.6585742124353676,-0.5523178128756476,-0.7369024901544825
-0.6701857831139844,-0.47120584138507826,-1.7556077514708452,-0.09098942136512488,-1.3879971021992765,-0.8721583962044442
-0.33047063043675495,0.445292115897735,2.9437017049390057,0.6723793086996636,2.1717426732539544,-0.11576123837973572
-0.1935689253821744,-0.3948160442273919,-0.15656009309423452,0.5338627614118296,-0.28066738782408973,-0.4086743252469702
0.47159666418824325,0.764381518369064,1.1084804170549725,1.6641784582153802,1.6102598163079784,0.6640353544118474
0.4085391156852799,0.6387456947720375,-0.12326144082408962,0.18985726424712882,0.4794771112885425,0.6587948031188859
-0.5377613530655239,-0.6671948767591982,-0.08140797327611529,0.28124995551913606,-0.5112122215480617,-0.6938475658192348
-0.8333841589712443,-0.5892351484207671,-1.4633301911527856,0.2849420960426816,-1.2309451045116615,-0.9622562916156288
-0.6144505079657978,-1.1356571802306095,-0.5486247783005812,1.1193331643068152,-0.9572335520015783,-0.9909085977990539
0.6604031157621656,-0.07458738518270797,0.7425793183150241,0.9852813224496678,0.5844075285002066,0.7685753390069473
0.0839172163925121,0.15333542898270103,-0.5692520735008048,-0.17271333976652348,-0.23985466502321034,-0.35207019709105636
-0.4005226291560473,-0.38102607613628237,0.36187835807431773,0.03288659065904545,-0.08967832952587736,-0.13411217980727078
-0.0581810187357274,0.27225202998808123,-0.3248964094869997,-1.00869742571687,-0.19657605263875622,-0.29060979789435865
0.30004904953343653,1.1778637341206328,0.9119686269845749,2.253368331769575,1.9601556472514008,0.20000123642619302
-0.9672466281176175,-0.6923191084240345,0.02837022414080889,-1.3035258209331138,-0.8278569122049204,-0.9463623727723043
-0.04419591081322134,0.6541276893060874,-1.4305423196821505,0.8620917646720543,-0.09620213418179896,-0.14380290823285888
0.9826387095090403,1.4213734177950228,-1.2485733242230683,2.7613152390654028,1.0450212501528138,0.9999946716827195
0.5836556958044713,0.648785247832189,-0.18403489496842332,-0.20021926235165066,0.36469326831072985,0.5201613869431798
1.0505540644675584,1.7584353688511098,-0.7397576494365682,-1.736301210918157,0.5817250931834611,0.7659949550592999
1.0239185853394013,0.32612369952286346,0.005579760885984815,1.0390427499744936,0.49693942889373016,0.6782725100216809
0.6400805933800651,-0.20872043226250633,0.757836015964486,0.22426436616821813,0.31439549013466783,0.45430618795706157
0.7175003125806275,0.8655531072057401,0.41254574753696593,-0.8600425666761906,0.7248288819933042,0.8853486244301895
-0.2944372085928661,-2.4471126889615555,-0.5643863505463393,1.3844163306444421,-1.9455789365499616,-0.22137501944211085
-0.415443266046326,0.251284059572224,-0.8806562439543454,0.13871726530811282,-0.2679939264630529,-0.3912513001811647
0.5185718800499115,0.5862971186986289,0.4162870736639804,-1.64500071377603,0.3278523745698028,0.4721944265482185
1.1272685789976156,0.8130878120981522,0.2789316825595944,1.928416038475828,1.2390626671243556,0.958871311199123
-1.0638331030657728,-0.2626821665738673,-1.1106804406130697,-0.49051932136650567,-0.9480800192110417,-0.9889680231805357
0.6227255148310522,-0.24315318961336732,1.5578820419969426,-0.20652418169268844,0.6424867707797296,0.8213251833185549
-0.7536826113294463,-0.8959888913600251,-1.2110174917904795,1.2271379287330693,-1.117866979239375,-0.9943868201053138
0.16803606660320158,1.1538710665038192,-1.5352195482636368,0.5991725579280556,0.1810901432082877,0.2683070518218398
-0.3723545531218109,-0.4995612399426884,1.0021157061187225,-1.4145143207364241,-0.14893731956591974,-0.22155223740689106
0.14246187477486577,0.6625449375246995,-0.4848071086854779,-0.4636432585938766,0.14566659146792124,0.21676542183133857
-0.3924617989073636,-0.21759473430123658,-0.06280533115687861,0.3460306713674792,-0.1296602648656431,-0.19326656528123215
0.1633005472423476,1.4561635276820262,1.739976952161006,-1.455720648960158,1.8095585238942131,0.414374003651838
-0.7619475642255515,0.28258176004954755,-1.369139891806298,1.0392811180890404,-0.31579941358469327,-0.45618119775075866
-0.8754740597008118,-0.44823182486667656,-0.15756839290291874,-1.1539625937112925,-0.7057924258082513,-0.8717136445249953
-0.5478918508949463,-0.5013534299921641,0.3877881141100096,-0.5800929547340068,-0.30919308054119893,-0.44734061021516813
1.0526418818789918,0.2651656994230027,1.0698602866918223,0.20808932761447427,0.8629807917136322,0.9620645152298153
-0.39903051741609913,-0.27736806199318315,-0.24889451570675555,0.3632083883141691,-0.2784985093103422,-0.40570292878841907
-0.7280012503565385,-1.3446949130721906,-0.7025684391137742,0.15528414872004753,-1.4283831367910838,-0.8409399743829973
-1.2421577521212575,-1.1703505963226295,0.16817512832271186,-0.9547077841265887,-1.048601093379541,-0.9999977838288269
-0.5033483276353766,0.1343279895246796,-0.02393913808979739,-1.4716362364941953,-0.24034530247049196,-0.35275893722806045
0.1390950345065105,0.053164557768297545,0.1543556244517933,0.9718375085648078,0.3496024281566014,0.5006968729261323
1.0722883891218598,1.5255464412669635,-0.6316864779430343,0.4765045875097793,0.959423834320401,0.9913452594358073
-0.13268349365534576,-1.8602380027346654,1.767245143773332,1.4146851056317125,-0.15354470184793514,-0.22828621570103078
0.12063964069782221,0.011453242564892838,-0.16207243493221085,1.164333823853148,0.18099201226041822,0.26816524967959154
0.472801423455519,-0.7208494860203765,0.781203933872434,1.401273960063254,0.18825477869141446,0.27864425782515684
1.1434680920736444,0.9237115427242805,0.5274844271058425,-0.19237835372308357,0.9871922891836777,0.9959520235678397
-0.44962082485281213,-0.5351862766465876,0.8317375108661629,0.26007568841824075,0.10558879579683654,0.1577218437798365
-0.7243295503788109,0.06878578634871445,-0.3969636786710598,-0.9639959249327196,-0.38851932142569884,-0.5503463324413139
-0.1210666253628871,0.23572342578851674,-0.0849650158886156,-1.264855983448136,-0.14770248940878758,-0.21974564421589723
1.0198110854872338,0.2831904652996488,0.813922518332116,0.8198656960059654,0.8709109493776602,0.9652416577996329
-0.15822543721332816,2.284095281685868,0.024340160818693106,1.1081753520518691,2.0750922446135407,0.028950241197899417
0.7612396163116784,0.5128326173686432,0.21962707551826,1.6145775638783253,0.8964371824324889,0.9745390084248722
-0.928856914301692,-2.0544227343612906,1.9020183220328097,-0.19990952374139034,-0.5967877366271196,-0.7803226656114844
1.1423716898444,0.7656220579854336,0.22106139356037283,1.2694346721007976,1.0194491058095267,0.9991339018008237
-0.39940757053966247,-0.009743510943067036,-0.5618865295414925,0.2246923260252332,-0.27494546206708015,-0.40082593560420926
-0.699774659829652,-2.419090785023627,0.8678820303388756,-0.6427093762207763,-1.5715602251902427,-0.7062960805568398
0.005950831769678533,-0.6765745904991181,1.4475177016853416,-0.1002808398772176,0.2605374771809441,0.3809339677554025
0.8590690289578342,-0.37322530433929846,1.1760697242351976,1.2984835884717543,0.6640508904746766,0.8393445481110614
-1.0837101973024676,-0.06135665874834357,-1.4410855809054297,0.12247492504616164,-0.8367498596852185,-0.9505881112366562
-0.6212428018571282,-0.9640920060048256,0.5942039123297325,-0.7954435544897853,-0.6078642380176738,-0.7906049717626892
0.42000665052717817,1.5781656576976821,1.0842820500725345,0.2586775387129093,1.9232772703836618,0.2538675807917805
0.6753764312397937,0.4031883552922458,2.8696571347708164,-0.9486814642654843,1.7293540284361533,0.5206068906381588
-0.7913973038837683,-0.7975103893798501,-0.1797487555340521,-1.16352402073888,-0.997350888245845,-0.9972060259854542
-1.4751380492842694,-1.331036831611592,0.37330756596030784,-0.5668014180201395,-0.9719831591283963,-0.9936423926019213
0.010738609885887318,0.6956736792544078,-0.6584533294904247,-0.19156442562917264,0.13523013973621908,0.2014570177377743
-0.8681081975030083,-0.4649801983544336,-0.8716931405818058,0.27278972230805537,-0.8002648343571658,-0.9321829595959208
1.0724899575251798,1.4290601144993964,-0.03908518007300084,0.02035829445081577,1.115146983607969,0.9948102291407591
-1.080719480055807,-1.215845778014731,-0.04639272551365784,0.785472566041084,-0.8120621753848792,-0.9384424075675348
0.2805179310940013,0.7587008841110577,-0.006282054154234469,-0.9959531699261804,0.3722462177036747,0.5298038958855873
-0.3916041970084058,-0.495652512108589,0.22637757520093768,0.3843828079266992,-0.1776445395938776,-0.263324592632458
0.6250393678776713,0.22432508807479476,0.4754002376253467,-0.14537580337942063,0.4140199506343518,0.5818730867672589
-0.014454011415120788,-0.004647140039429694,-0.06704836231451006,-0.43372533805394325,-0.13986140325264912,-0.208256567487322
-1.1820058900165824,-0.6037932781637251,-1.0314465379641728,-0.270220027736628,-1.1236972833217782,-0.9934234859491801
-0.6883294694023101,-0.3029504666956803,-1.7976066468834986,-0.3146056050905172,-1.3290552007833953,-0.9119491829173333
0.44404642893303253,0.37395072255378253,0.6466612599711746,-1.3446523845586351,0.35798711451408033,0.5115439480358542
0.32969932673238384,-0.45763093484469125,1.3876742603023347,-0.667955470839386,0.27163822166729024,0.39627610865279966
-0.8005439924666733,-0.9759253357999803,0.1948308343891708,0.03099995479346837,-0.6561911443008425,-0.8328775303215388
-0.5111458872112412,-0.7455583350431434,-0.041820487143935325,-0.045411831754104244,-0.624884949678734,-0.8059789652117021
-0.5024798047949277,-1.0519483243337042,0.985879089106241,0.3610054089928119,-0.19387209784485798,-0.2867265333329446
0.12860743675834913,-1.0652054010906309,0.7441170970354801,1.6518146428656026,-0.04893962181128703,-0.07334351724991511
0.9437064019168889,0.8587843941404371,0.5068912464493995,-1.2446797351657772,0.6857734955200125,0.8566084879843533
0.849487794751218,0.31116280372954475,0.7092082887674578,-0.2668291971038805,0.5877109620943016,0.7717359939329025
-0.7204460993420079,-1.2759020715942666,-0.7383134900193804,0.474219038173573,-1.3218704685970206,-0.9163180158190826
0.5179510365444832,0.8041520059205389,0.3987704911845766,-1.8599109416768043,0.44193843935404376,0.615411284992549
0.8466821575957914,0.029594672598726734,1.402256245978881,-0.7788136552528124,0.6409612661912545,0.8200176744937626
0.318330840171855,-0.7449907930356523,1.3366732205512293,0.5545444771010922,0.29184661413737656,0.4239207400888821
-0.5681554242361577,-1.2404821320931654,0.7247015924361867,1.1137719065891152,-0.32069744552205515,-0.46270686862642213
0.4222182904358654,-0.8308303480626916,2.019638410313025,-0.0012031285315125052,0.4846115540085753,0.6645693440438784
-0.4293824210661834,1.9734397917992939,1.7585638656716638,-0.42729554785428936,2.462963740127757,-0.5251173139259786
0.3298527110962546,-2.17083743465629,-0.6446501158092066,-0.9657823397506536,-2.30426045373701,0.30962442972763315
-1.0149234519394295,0.9212264336906524,-2.4562761566359836,0.01059615881381919,-0.6580345095025333,-0.8344046804778903
-1.126635210551549,-0.7493183410074402,-0.6082788518789674,-0.7899911813181567,-1.1171730256760972,-0.9944964177510861
0.2945700474573266,0.7043439608110964,-0.0432662753458401,-0.710941286445972,0.37276754045825844,0.5304669503497571
-0.6697799546234366,-1.3266767316518544,-1.033459375627017,-1.0182452557414698,-1.8671842185008787,-0.33425657593228236
-0.155463538584028,-2.175825671274038,-0.1402313044668764,-0.5365579197083653,-1.9254429912729167,-0.25072409224413816
0.8501830546697119,-0.005154597862321728,0.18870949666507658,2.0556372447115914,0.5682603801974376,0.7528559930245597
0.15833238321468548,-0.5994525619088901,0.8352651383364359,1.164028384762192,0.26135382997570505,0.38206588431324645
-0.7334841345878207,-0.47236751855394404,-1.848147161330341,1.7063127630144947,-1.034299167375263,-0.9998128414949896
-0.448669323908921,-0.4554254576962707,-0.09696635601323698,0.052227628677782155,-0.40403661065929647,-0.5696294302389349
1.057027504928075,0.8092757204099583,-0.3003430410803459,0.272034381666147,0.5329949114391626,0.7170023272801856
0.4577193183700532,0.37719115061904507,-0.3082070457009288,1.3116297501998064,0.42149718301601685,0.5909579183336702
0.5162736411851956,1.588861987601952,0.358500441670117,0.18781053462014963,1.5048139767319648,0.7735169313132084
-0.855476234852999,-0.6015405600788082,-0.16985047841739226,-1.2099166308823872,-0.8469284537493873,-0.9552171257024312
-0.9164080059065611,-0.18707620842432207,-1.8702892397916728,-1.2253217958152702,-1.4845989885832171,-0.7923760579972536
-1.234105790398962,-1.9448976002592377,0.7862812360245263,0.21322970268901953,-1.0480829085403796,-0.9999991181603002
0.877547988327307,1.357824622448892,0.2275112715049807,-1.50193377701722,0.8648854148389885,0.9628400227160102
-0.6085394095496095,0.7594187455721855,-1.6686717863207736,-0.780805608920993,-0.5196063389733321,-0.7028595081851151
-0.28062687048868773,0.12452576196341308,-1.3369756711775123,0.9363678931794447,-0.4461694893493174,-0.6204012668751449
0.03388336314527328,-0.005916639603346032,0.11407594103366885,-0.4582915732271875,-0.04388931317052533,-0.06578642476517764
-0.7725624950778984,-0.8938198046019334,-0.13742860498799916,-0.4499776343960366,-0.888139641082355,-0.9716729107439498
-0.20203577078743143,-0.5460626266667441,0.40275203904191087,0.6346902456163489,-0.06106344005317148,-0.0914671382157212
-0.26401836576603166,0.5141992491288843,-0.6828795949068853,-0.32156501675358734,-0.05187337735627559,-0.0777315741726067
0.8757862572558603,0.9096062183916969,1.3440352571184677,-0.4060797278125865,1.3898995392311801,0.8707587713125238
0.42081861899121253,1.6836970760631216,1.0378901758395445,0.09467054322069428,1.9435163335913386,0.22439109590720233
0.09999716419440119,-1.0146659161665113,1.2990343678017053,-0.4957878787942287,-0.18105849512322483,-0.268261320031319
-0.03956601627271711,0.059344224127519954,-0.027345987959310564,-0.5953787586862431,-0.10327248462464675,-0.1542899198094933
-0.9188551991176523,-0.1729385303975907,-0.4802046880011784,-1.0984481152880123,-0.6576819131856952,-0.8341130623949639
-0.19811884921651546,0.48723388216147767,-1.6108780369778795,1.5778905770742464,-0.16847963595613574,-0.25003795387519495
-0.27726625797239435,-0.44991362884901237,-0.2507440185368937,0.41548623662368744,-0.4044655505788666,-0.5701581319334461
0.6576599344924965,0.34642149157966723,0.269152733831594,1.0213857459984736,0.6582476235715577,0.8345808252968077
-0.16379353997644663,-0.4230696065308385,0.2058544652984306,0.07799478755871295,-0.2011179164597135,-0.29712177000138096
0.8874550696505356,-0.3350321648750417,1.259630836684335,1.8920201329204804,0.8760392646765915,0.9672235767002774
0.2682838064874066,1.3427263550919437,-1.8686886671053469,0.6842579934556,0.16125404192700024,0.2395293526251563
-0.7974711051474979,-0.615860225881087,-0.3220129553279795,0.9240787716824778,-0.4611683758299076,-0.6378878617790291
1.0154408311820013,0.7391376898620612,0.46208190512782926,-0.8340712339755747,0.658558465831826,0.8348375923139253
0.642277750015833,1.5322834960666205,-0.08322237123593514,1.9006275236930055,1.5977705779459057,0.6779253417477185
0.5256301247587347,0.6520796138379078,-0.44847908726705304,0.18937487040041057,0.30581801774416933,0.4428070965934936
0.04795941974820077,-1.9136752079510302,-1.7017877521916154,2.021478456454237,-2.022440210287705,-0.10772290254201135
-0.6587732982206913,-0.4248475621011166,0.3867347560266182,-2.1018600742907196,-0.5937637332493305,-0.777477933882209
-1.190223583292028,-0.962152596244999,-0.5228447635522245,-0.624725527476127,-1.2000713342270573,-0.973823314374595
0.9694142463540146,-0.7361090189981644,2.5025650547022673,-0.18232079658026654,0.7920754029963083,0.9276660316525706
-0.7675078568497427,-0.25071351064837033,-0.7221281150187567,0.22373403360974692,-0.5568727637502038,-0.7415039679453643
0.0341361248472727,0.48963548690719083,-0.13570913145521188,-1.065855708769767,0.06988315726344659,0.10463286837129707
-0.31677865198699817,0.6936020716879424,-0.7410158456094992,-0.9769352966743388,-0.09100510438919548,-0.13608409639349847
-0.28558251479491,-2.0275332641126393,-1.5678661277350754,2.1250738842029198,-2.013405479178417,-0.1211858345627818
0.31687905578566755,1.4039132043130926,-1.0463816550020837,-1.6512658997842014,0.14639802585035597,0.21783635654255906
1.148896243769026,-0.6257017973072775,2.3004850509122075,-0.4055890202004325,0.7146179259757762,0.8781240213014435
-0.9203753696546556,-1.1505830894777676,-1.5449540506041972,1.5744540947802896,-1.4300595182505407,-0.8395766106974181
0.40904752343000966,0.7573567839371591,-0.12644736355692326,0.4659670150050253,0.6342104122339609,0.8141800735648616
0.9436621279097779,2.090241192776876,-1.4390327505324536,-0.7906616148231257,0.6629710038292898,0.838462908112332
0.888127139319926,1.8185359909419123,0.07342426581853947,-1.0887300330419138,1.2363800792244992,0.9600056886084749
-0.33203945577570115,-0.10175906518936631,-0.8424510233184239,-0.1302232539645464,-0.587087349773619,-0.7711407835056263
0.7517584885428475,-0.8586096277188137,1.6949491513122241,0.9751087195793331,0.49986586689859913,0.681491530681652
-0.1732817670656449,0.7078322967428776,-2.1402557178601267,3.1755884234976115,0.06847154763896705,0.10252684361524093
-1.183139481556084,-0.3427603927007822,-1.3519610397887745,0.9567726960616397,-0.8204006726847332,-0.9426895115917462
0.35648632976498074,0.5963972424741573,-0.9893459323033736,2.30273253364942,0.434060224356483,0.6060540450813362
1.007863556323917,1.8747059047480263,-0.008453619603730316,-0.14167830346353083,1.4490107716890053,0.8237968321479769
-0.5716648503278061,-0.8221424244039749,0.6293107303372417,0.3890709268608518,-0.20724083148561645,-0.30587871785152226
-0.4225510505777334,0.0439954972745326,-3.08449928958012,-0.6165454267597202,-1.8510033353400204,-0.357031169594889
-0.22126910596632549,1.3112214878968802,-1.799011650422328,-0.22126983988316928,-0.02933135537981638,-0.043982839981961355
-0.9244273848000745,3.0948555578553427,1.341264989957972,-0.8407493352985321,3.0219132501576804,-0.9839296734232146
-1.0877648278043754,-1.1779266747955903,0.8260025755712738,-2.0486488189081773,-0.929913253747766,-0.9845648145136022
-0.34495359156652816,0.010283562956953464,-1.2334694638660064,1.0552483826314603,-0.45119718181696,-0.6262982806395285
0.891828607628716,-0.21538764509226133,0.916895156094108,1.5741698790727383,0.7048540055816207,0.871023020262096
-0.9078335550113064,0.047622617630338704,-1.3995651623988337,-0.5298911119593712,-0.8745990555462358,-0.9666727597256781
1.0561594243460566,0.5146676107312212,1.4495351526564346,-1.3346967245034829,0.9263108131227417,0.9836046940490955
-0.2665325398553393,0.6721479743330078,-0.7730294297449395,-1.1219728564111708,-0.15897815423978726,-0.23621351139629546
1.1418271610727648,0.47150941318936834,1.3576416751895064,0.15981270005644785,1.1785191906711703,0.980661607720075
1.5100529351743521,1.507410234399495,0.28451926487039075,-1.005712096813877,1.1280925652670206,0.9926470250366558
-0.7258236395311465,-0.6945709698166597,-0.05672977205263138,0.14863568588145804,-0.5489702847030052,-0.7334988257250373
-0.9905686618008224,-0.8508701216740467,-0.5131783427781176,0.7364904918648694,-0.7981422604810717,-0.9310257190647747
-0.7060218200101112,2.5608540412797,1.4147718570564753,0.6253790761239063,2.9722946673716732,-0.9679283787715017
-0.8487402618105343,-0.6564782087360689,-0.07334939209207134,0.07447776995081254,-0.5449806617910009,-0.7294181509849066
-0.2323547727277004,-2.1101507665590873,-0.7934697504745283,0.2076372884596948,-2.0746858773346095,-0.02955953120942599
0.9989576435750895,1.633237242738582,-0.5935239405416639,1.4293237778237051,1.2821552489359276,0.9385344387705701
-1.0484196986839447,-0.30083163584020567,-0.713902546299389,-1.3041647251158088,-0.9379402089783101,-0.9866007181602569
1.1217326554290932,0.5802143528184188,1.7470875760032714,-0.4351988452688661,1.3504148085212464,0.8983375311095041
-0.24736516257849492,-0.3691821834213684,0.3975393840612227,0.1937443201303698,-0.023674749186190606,-0.03550466012865364
0.7295273937668088,1.3783055832269504,-1.5019020205423133,1.7844237815081982,0.6462444612437281,0.8245275391486783
0.49453815852900146,0.8014394438965007,-0.378182517544936,0.2581317397205464,0.4795676720754514,0.6588969934404506
1.255414834791758,1.719122852380065,-0.644030898277073,0.1629638965373426,1.034859685025636,0.9998287540783917
-0.9081560894651147,0.09987819512187353,-2.2921316602738258,-1.2627503979207135,-1.5044578235825854,-0.7738554026989188
0.03756781647711005,0.1647203115043334,0.34583712342616174,-0.5420767353983666,0.20359182659935737,0.30066299714770633
-0.4204403159161474,-0.15747603176079197,-1.6743588605241506,3.0682712557318683,-0.37790697279944496,-0.5369862111165091
-0.4926746152286824,-0.3248186820032312,-0.7059621162516369,2.00261423032277,-0.20361883908015976,-0.3007016408388999
0.4279535556115345,-0.4065202528887352,0.4960330310942692,1.9403772912364137,0.39802685114872716,0.56219723880928
0.8315760624423204,1.3860144620425143,0.33093699736962634,-0.3116759054745863,1.2153221280162907,0.9683690661731993
0.25077746919443317,-0.7538989148366995,1.4607236360667495,-0.08080176168966753,0.21113821822406845,0.3114393395355079
-0.613640788676995,-0.1388991514447069,-0.6716576322723077,0.3876083089564033,-0.402565882090053,-0.5678148542178502
0.535189044252186,-2.599513938409614,-1.0337722817743933,-1.5131365350978305,-2.9882752089174636,0.9736718281152292
-0.8430584897586931,-1.0828073118493726,0.030229310912819208,0.9367040011800768,-0.6289908332098113,-0.8096093371325751
0.8123939049578571,-0.6141301929114922,1.668721098658752,1.055356563162043,0.696962628676421,0.8651472685677823
-0.2506505686732146,-0.1296259235790161,-0.2482686215093953,-0.018088844722482064,-0.24739146531641912,-0.36262884245251464
-0.9814653973746063,-1.5980236062491668,0.9990636223458251,-1.0827808902524965,-0.946176989956765,-0.9885411532959459
0.8843960977266861,0.28869157909973525,0.9968766921373323,-0.21548223588863247,0.7443883662738993,0.8986062657247202
-0.898801389711849,-0.642055866188852,-0.48586814366998893,-2.399863557063014,-1.3274203268450164,-0.9129526306857082
0.8394174924253288,0.8702165670519161,-0.1435058410182717,0.3235031635504072,0.6817432200104772,0.8534736203156306
-0.7790105753218497,-0.49413220828764515,0.6413915021059281,-2.1348537244497674,-0.5119789207181598,-0.6946752820893997
0.6255131169865481,-0.09001942320342551,2.0935898606979384,0.5393313477342754,1.236047510995757,0.9601452380784072
-0.6081275955871671,-0.8955865963740717,1.0019304229849773,-0.5944248764229804,-0.27721581795472167,-0.40394359947213065
-0.8142873953082442,0.2479190058385003,-1.1350287034559514,0.11094938758116032,-0.4209592806597085,-0.5903068353727767
0.9660787323897877,0.5936855059200546,0.12890058794706666,0.3292563167666178,0.6180889855749309,0.7999029457530092
-1.0223695499941836,-1.4385998603861654,1.0729045499527892,-2.753335230976161,-1.1563205672639232,-0.9866335717798682
0.20358523161783393,0.029682560914835763,-0.1673619572669085,1.0916140746648773,0.1759780765039306,0.2609122988142222
-0.8059583945711355,-0.9589306214177277,0.5548048214393431,-0.47770989334370323,-0.5541261933476263,-0.7387334720589479
1.0972593318476669,0.30790216351193217,0.8324311970645356,0.02505109576917815,0.7209857035103499,0.8826537276305482
0.6673307341285937,-0.8191481800084995,1.3028412208513132,1.3751663240221288,0.39975057586780793,0.5643336459542333
-0.6865474807517826,-1.9990940049892163,0.31809274128483944,0.3679355387895678,-1.3210642166959319,-0.9168016426088336
0.2096477179533991,-0.248799061815066,1.4079875887664,-2.626277242732249,0.0051846994450020336,0.00777697077185218
0.8026313436472857,1.4944965967679145,0.6690983339296538,-0.47590265045969343,1.4555605321149647,0.8181877212266777
0.35420974765654134,0.15591625166032502,0.13789172992125875,-0.0982787335223684,0.17938834261514303,0.26584707816909925
0.49847526422755517,-0.5992623174132757,0.32704706455694704,1.6341480865656939,0.08024393829832727,0.12007547534057568
-0.6659186007428322,-1.8201963133236938,-0.6208518075648622,1.103018190295931,-1.544380226881019,-0.7345629228873253
-0.566385996726412,-2.1081185639373863,-0.2776480703848936,-0.3706766673630389,-1.9120109669855052,-0.2701763641777272
0.40581470645292994,-0.11892809331516095,-0.23123469886040873,1.466116823055945,0.10683752797261178,0.15957121979337588
0.5976433113413636,-0.4040350574810453,2.7158224254784322,2.039746753907014,1.6792076299734755,0.5832964762189304
0.4559990031990441,0.31641252022233185,-0.39281264954879264,0.9424434158781205,0.24182167722761347,0.3548302678371329
-0.6761771620906751,-0.6231401421745218,-0.42911852961663893,-0.21415839758298813,-0.7853349454823605,-0.9238432396844168
0.5774924655452973,-0.27133400638892474,1.884708217873192,-0.2520931468484292,0.7948603746407231,0.9292178410469623
-0.6022678494287036,0.15503093498230922,-1.2124306594509822,0.3107732267730737,-0.493150841010432,-0.6740857391035352
-0.9333530799846723,-0.9129714576075256,-0.21407858474929478,-0.6761952931940495,-0.9979418427179231,-0.997271850949493
0.9249247857074195,0.011900849973538127,0.9812880155158962,0.307597015393249,0.6346344905635133,0.8145492465446044
0.36508794281628754,0.24677810272639636,-0.2601476777743499,0.5193966714094196,0.1659353887874462,0.24634099429482337
0.3941065436520803,0.5526123251291759,-0.32629410812344356,-0.409230075587407,0.16059714541409864,0.23857257598092366
-1.0473811155464958,-0.38669449908317893,-1.1451262972800182,0.05133383188583829,-0.9431669903981584,-0.9878495334002764
0.2315317905701283,0.13806725749976528,0.1840467355018174,-0.4645835618123811,0.10841975579676397,0.16191369891118662
0.6656303750215378,0.5169946213085534,-0.08430718033429598,0.5222585514466951,0.4803055262235083,0.6597291472622786
0.7765806658132097,0.7731564473265837,0.8062615128977905,0.15644523246130337,1.1046826684239934,0.9962846968211592
0.2823076544835743,0.9122570432520309,1.4173678299912973,2.079715705647513,1.9964387771458034,0.1464063453270835
-0.8685985198381614,0.13500526072527766,-1.879431329215909,-0.28314624919051756,-1.021134115368479,-0.9992358818095397
0.723377773198133,0.8692793365350202,1.2194474303747833,0.6055222864799049,1.5164854759193265,0.7623032904857038
-0.0784760857231522,1.5916148125342917,0.8946977327179112,0.9314080306006634,1.9789494617281151,0.17230428151341784
-1.0126886698060251,-0.02265037368904453,-1.3867482492713497,-0.9553794501206884,-1.0193949880081854,-0.9991305206934402
0.4908943609698396,-1.1122655420457346,-2.411635753168701,-0.10641071826284985,-2.2709920819027767,0.26180838488974306
0.9181154475139712,1.4699796957489237,0.5553307021746631,0.09102597537391457,1.5001043996079373,0.7779748157279395
0.38146846632878334,-0.6583421666287637,0.2771165196848472,2.583267909092472,0.22008331969432215,0.3241612618021209
-0.13314909169369055,-1.9279354781909055,-1.1226176408010902,1.1434729940388433,-1.9046813900270811,-0.2807453164878399
-0.7143960458684316,-0.5334215663148459,-1.4822214449906945,-2.1422325161822164,-1.7470494791529902,-0.4977636973115866
-0.18287877564068922,-0.2851341765291394,0.5844508998160309,0.004638090447256372,0.10593487056898777,0.1582344372377989
0.7018452726553602,-0.24857411104048646,1.2491086546650252,2.5852294761524797,1.0955893841326179,0.9973666658719423
0.881266883665622,0.9477901696906117,0.6895276238370277,1.13984067958076,1.399703960884175,0.8634334628258477
0.3235595620654329,-0.014096935392412703,0.42994885463247834,-1.1584766053907458,-0.03010582933463664,-0.04514339677096728
0.9480350535462331,1.014258156613041,0.6742693109811971,0.7098102701767354,1.346365053529218,0.9009895618362914
0.2553117969677059,1.6963069558458181,1.1860516529351164,-0.379471550420739,1.9300187259080708,0.24407386993675198
-0.5518784140656909,-1.4182384323930464,0.3232338824584564,1.6580659805835467,-0.5656140070931258,-0.7502373626592486
1.1398879168218832,1.5816396647602577,-0.5475580966559862,0.5432596373490656,1.0666283414280018,0.9995752800077736
0.9155116706287452,-0.0424420110854305,1.03124792019291,0.4465144758326242,0.6513055054471236,0.8287992123661287
-1.0154972366317456,-0.5103989506771951,-0.10849890282771787,-1.0643445463698897,-0.7069910922774921,-0.8725932829769765
-0.6806352478686408,-1.275368822234687,-0.2516131550722575,1.1014848021451495,-0.9038602887391028,-0.9769751367870915
-0.8030083774673115,-0.6035540044912611,-0.2712295583824742,-0.34162323632608116,-0.7092891656392842,-0.8742718276137508
0.541309516813,1.1449241971984603,-1.4744450212107147,1.4907026693275454,0.4102975236576365,0.5773229789517444
-0.5670109179940385,0.5405420976291307,3.7210533571747466,0.42529794274044974,2.6313730304182648,-0.7211541725378701
0.906904859257704,2.217308016812909,0.46219189352678075,-1.2970363004611078,1.7253686116546614,0.5257016599003749
