week,year,region,rainfall,y,mu_true,amp_true,beta_true
0,1,coastal,-0.10216706192193013,3.7624331490156955,3.437836829614378,1.4,-0.37034273965214537
1,1,coastal,0.5501481283002753,3.655711224576014,3.5007097236548192,1.4,-0.3368298366769955
2,1,coastal,-0.9157487718350367,4.563563202045934,4.236020476241024,1.4,-0.29840519620835787
3,1,coastal,-0.4176202815548281,4.743548506654688,4.328132856159596,1.4,-0.2556291360290201
4,1,coastal,0.39389901355065043,4.182366303308187,4.371500235580191,1.4,-0.20912542741969584
5,1,coastal,0.6802501019249132,4.720126210932615,4.544899599590281,1.4,-0.15957219916914103
6,1,coastal,-0.9463461405223031,4.7638099507181515,4.916713024714437,1.4,-0.10769204892940099
7,1,coastal,0.2838847155923668,5.160123524595043,4.918944061210859,1.4,-0.05424150611489537
8,1,coastal,1.1289816030796975,4.847371542364371,5.010335371166972,1.4,0.0
9,1,coastal,0.7254948706656825,5.135149871746939,5.082252464665923,1.4,0.05424150611489537
10,1,coastal,-0.5465207826261197,4.719339467291194,4.975096899434064,1.4,0.10769204892940099
11,1,coastal,-0.6651473363403025,4.851881329535614,4.880893875466602,1.4,0.15957219916914103
12,1,coastal,0.5556797725090507,5.345111016925631,5.023263869172613,1.4,0.20912542741969584
13,1,coastal,1.6465703818720527,5.172772111973182,5.220911364128926,1.4,0.2556291360290201
14,1,coastal,0.8724268374685471,5.356702321873807,4.932864449848611,1.4,0.29840519620835787
15,1,coastal,0.8405184569664392,4.5243297367936055,4.814715884679033,1.4,0.3368298366769955
16,1,coastal,-0.2768577998594336,4.154944150049866,4.281560361127583,1.4,0.37034273965214537
17,1,coastal,-0.8639669606676549,3.5451145479666315,3.892124203546793,1.4,0.3984552115439445
18,1,coastal,0.8012881666886422,4.154530230873245,4.43116730625174,1.4,0.4207573092084367
19,1,coastal,3.065888698072638,5.141009654534094,5.301047494171183,1.4,0.4369238178417234
20,1,coastal,-1.242439672201458,3.4451784414887836,3.2869229735724277,1.4,0.4467189933441243
21,1,coastal,0.788395675897021,3.652835795336786,4.091910740661424,1.4,0.45
22,1,coastal,1.3948053010037371,4.220539133299994,4.2704363665488225,1.4,0.4467189933441243
23,1,coastal,0.17079303540516785,3.981326504760362,3.646140284411563,1.4,0.43692381784172346
24,1,coastal,0.24402856948987567,3.3867673364102577,3.610004379969678,1.4,0.4207573092084367
25,1,coastal,0.41460803177489747,3.468237476323879,3.616689407865234,1.4,0.3984552115439445
26,1,coastal,0.9161788185674922,3.934071969886834,3.739300173679551,1.4,0.3703427396521454
27,1,coastal,-0.3175186628107569,2.9527945274614433,3.2415635638070057,1.4,0.3368298366769956
28,1,coastal,-0.3408776422620863,2.8683113696609404,3.1909527645766054,1.4,0.29840519620835787
29,1,coastal,-0.7075476983171854,3.1663828076056157,3.0476134538582955,1.4,0.2556291360290201
30,1,coastal,-0.657266036215328,3.065413311456074,3.015198612674636,1.4,0.20912542741969609
31,1,coastal,0.3864852561805743,2.9018473172625763,3.124539615767419,1.4,0.15957219916914114
32,1,coastal,-0.9412893391954735,3.1245563650961237,2.856686249197571,1.4,0.10769204892940096
33,1,coastal,0.7483172930967553,2.8003603438286766,2.8791021578978944,1.4,0.05424150611489539
34,1,coastal,2.1378992613258982,2.944088994737459,2.7059805466647338,1.4,-1.4473103847089729e-16
35,1,coastal,-0.5900665683541598,2.32506335580874,2.595629757748976,1.4,-0.054241506114895276
36,1,coastal,0.430765765236892,1.9089999310521355,2.3695173149114073,1.4,-0.10769204892940085
37,1,coastal,-1.1308032076151855,2.445867906756439,2.4488405645716482,1.4,-0.15957219916914103
38,1,coastal,1.3261533395009386,1.8759910311892147,1.8501398678164378,1.4,-0.20912542741969564
39,1,coastal,0.3812111995793091,1.9849720801048099,1.902551310406955,1.4,-0.25562913602902004
40,1,coastal,1.5570138908679483,1.5836935598523796,1.4283218651582321,1.4,-0.29840519620835776
41,1,coastal,0.003934916160212673,2.3033286897248937,1.8116417041344988,1.4,-0.3368298366769955
42,1,coastal,-1.1515742160519,2.1523407818113043,2.1925243077878616,1.4,-0.37034273965214537
43,1,coastal,-0.8325361424861681,2.07080100042932,2.08882783456992,1.4,-0.3984552115439443
44,1,coastal,-2.2816891301697466,2.5618908111849383,2.7497020076933882,1.4,-0.4207573092084366
45,1,coastal,-0.4171681249170208,1.9401211832820966,2.0479282940730297,1.4,-0.4369238178417234
46,1,coastal,-0.2594841245609738,1.7382114734364271,2.101117417067499,1.4,-0.4467189933441243
47,1,coastal,-1.8966924019112419,2.707992316572907,3.0000629765205873,1.4,-0.45
48,1,coastal,-1.3315278694783161,3.3263016134813492,2.9409442543138327,1.4,-0.4467189933441243
49,1,coastal,1.0658197198175519,1.5914645427112006,2.112941034488779,1.4,-0.43692381784172346
50,1,coastal,-1.5309446075789557,3.5434420545509493,3.48139984932806,1.4,-0.4207573092084367
51,1,coastal,-0.028923125626355895,2.9935456573024064,3.1255085422816045,1.4,-0.3984552115439446
52,1,coastal,-0.569232016067663,3.6315626633398423,3.6108109443282137,1.4,-0.37034273965214565
0,2,coastal,-0.06075140030950857,3.7236087484089815,3.4224988400283274,1.4,-0.37034273965214537
1,2,coastal,0.9905461902764369,3.6403749707161333,3.3523705163665234,1.4,-0.3368298366769955
2,2,coastal,1.3742467799171485,3.7517458110846107,3.5526739043041466,1.4,-0.29840519620835787
3,2,coastal,-0.05603823182347756,4.429737876493753,4.235701949183168,1.4,-0.2556291360290201
4,2,coastal,-1.631655422545503,4.689059849184022,4.79509517279066,1.4,-0.20912542741969584
5,2,coastal,-0.43271025004091446,4.631536298574617,4.722497130541528,1.4,-0.15957219916914103
6,2,coastal,0.8571883319281101,4.4903474173244,4.722486702061446,1.4,-0.10769204892940099
7,2,coastal,0.42264982158299985,4.448161894120625,4.911417232865734,1.4,-0.05424150611489537
8,2,coastal,-0.5991157252960105,5.339835248368183,5.010335371166972,1.4,0.0
9,2,coastal,-0.03647338677519749,5.045204553677064,5.040922158770588,1.4,0.05424150611489537
10,2,coastal,-0.5382813270325711,4.751263721538013,4.975984223288996,1.4,0.10769204892940099
11,2,coastal,0.45063616920453764,5.173563164384717,5.058941903243045,1.4,0.15957219916914103
12,2,coastal,0.02858478400309633,5.025575452107596,4.913034904410526,1.4,0.20912542741969584
13,2,coastal,-0.1978092686308171,4.81465250120354,4.749434187561372,1.4,0.2556291360290201
14,2,coastal,-0.4068264534622089,4.390992401614993,4.551128620568231,1.4,0.29840519620835787
15,2,coastal,0.8047102635703622,4.497721841697768,4.802654616745734,1.4,0.3368298366769955
16,2,coastal,0.16286254342348733,4.05051204507917,4.444407597739762,1.4,0.37034273965214537
17,2,coastal,-0.945491341185452,4.070087587485924,3.8596403892615854,1.4,0.3984552115439445
18,2,coastal,1.3641262084821297,4.4876748975047995,4.667985526236913,1.4,0.4207573092084367
19,2,coastal,0.23125608666212152,4.041867198486408,4.0625289914150455,1.4,0.4369238178417234
20,2,coastal,-0.16114173656733746,3.5885658891787595,3.7699592988839816,1.4,0.4467189933441243
21,2,coastal,1.0024830071314288,4.3525121290430855,4.188250039716908,1.4,0.45
22,2,coastal,1.4537952588239875,4.56339471126718,4.296788301123697,1.4,0.4467189933441243
23,2,coastal,1.0243012815101669,3.824749364137679,4.019058365859152,1.4,0.43692381784172346
24,2,coastal,-0.9616774632634345,2.7874361868180797,3.102694753932016,1.4,0.4207573092084367
25,2,coastal,0.21811712504150277,3.4708722998091135,3.538396582056318,1.4,0.3984552115439445
26,2,coastal,-0.06917956355773293,3.2114178125009847,3.374379850904089,1.4,0.3703427396521454
27,2,coastal,-1.3344322321832647,2.9711556830171526,2.8990367323206434,1.4,0.3368298366769956
28,2,coastal,0.3258540710910432,3.671139676104395,3.389908972318081,1.4,0.29840519620835787
29,2,coastal,-1.0458421554718138,3.1224053039731055,2.9611355340524517,1.4,0.2556291360290201
30,2,coastal,-1.8782639160443835,2.4448524221533856,2.7598569091768423,1.4,0.20912542741969609
31,2,coastal,0.38123853739686114,2.7599321004293143,3.1237023853126793,1.4,0.15957219916914114
32,2,coastal,1.5533703538232222,2.9929126012375384,3.1253412629203448,1.4,0.10769204892940096
33,2,coastal,-0.6581328234018751,3.0688445136708338,2.802814185303539,1.4,0.05424150611489539
34,2,coastal,0.5716436740828171,2.801263750797994,2.705980546664734,1.4,-1.4473103847089729e-16
35,2,coastal,0.6455367763889585,2.562020613754366,2.528608771369507,1.4,-0.054241506114895276
36,2,coastal,-0.42812559448327314,2.447534359421349,2.4620130852474307,1.4,-0.10769204892940085
37,2,coastal,0.33683618338862276,2.0766100838770982,2.2146461193619116,1.4,-0.15957219916914103
38,2,coastal,0.9104943373643635,1.9706261590337577,1.9370647342990932,1.4,-0.20912542741969564
39,2,coastal,0.8516750770278125,1.5684673612949946,1.7822870358819312,1.4,-0.25562913602902004
40,2,coastal,-2.662297959963127,2.7031663087348066,2.6873864458697283,1.4,-0.29840519620835776
41,2,coastal,-0.7403911843762722,2.1315704290528776,2.0623529430126277,1.4,-0.3368298366769955
42,2,coastal,0.011822062425827652,1.798200292549449,1.7616689427153098,1.4,-0.37034273965214537
43,2,coastal,-1.4885101232920264,2.173566695637506,2.3502040858592417,1.4,-0.3984552115439443
44,2,coastal,0.5143376913400305,1.5132394904719062,1.5732532858003168,1.4,-0.4207573092084366
45,2,coastal,1.301728605634067,1.0834658656092793,1.2969013720849922,1.4,-0.4369238178417234
46,2,coastal,1.276435621781185,1.4020364282376052,1.4149928941241674,1.4,-0.4467189933441243
47,2,coastal,-0.13751812458922266,2.4815411714434434,2.2084345517256785,1.4,-0.45
48,2,coastal,-1.3507903419453808,2.7323759641132126,2.9495491666236386,1.4,-0.4467189933441243
49,2,coastal,0.1964553338107748,2.7179375899663247,2.492787041118486,1.4,-0.43692381784172346
50,2,coastal,0.44255248523785456,2.7198438751795977,2.6510365228237864,1.4,-0.4207573092084367
51,2,coastal,1.7692971570157179,2.0847165346437966,2.4089982991588452,1.4,-0.3984552115439446
52,2,coastal,-0.2941132782255439,3.6858708819684187,3.508922717226123,1.4,-0.37034273965214565
0,3,coastal,1.8109466870516975,2.5584955635628637,2.7293290425532977,1.4,-0.37034273965214537
1,3,coastal,-1.2103843878712506,3.927082620777943,4.093709603541414,1.4,-0.3368298366769955
2,3,coastal,-0.5540015912767966,4.127744962510884,4.128073237848722,1.4,-0.29840519620835787
3,3,coastal,-1.7186554831289125,4.781045869700582,4.660715360681321,1.4,-0.2556291360290201
4,3,coastal,-0.532425971677572,4.550176344769366,4.5652183440455865,1.4,-0.20912542741969584
5,3,coastal,1.1767950120189412,4.437360677877026,4.465664836300332,1.4,-0.15957219916914103
6,3,coastal,-0.17501481730018928,4.726691686885155,4.833646774113222,1.4,-0.10769204892940099
7,3,coastal,-0.2060483721115074,5.037815342102769,4.945518769783438,1.4,-0.05424150611489537
8,3,coastal,-1.3369239035287348,5.032046433702486,5.010335371166972,1.4,0.0
9,3,coastal,0.2648656417432162,5.607401095558768,5.057267241528626,1.4,0.05424150611489537
10,3,coastal,0.7968930759309544,4.5651407136721405,5.119771890422228,1.4,0.10769204892940099
11,3,coastal,1.7301147986103755,5.497643048090524,5.263111121927253,1.4,0.15957219916914103
12,3,coastal,0.16353743688681988,4.983046595132063,4.941256935626257,1.4,0.20912542741969584
13,3,coastal,-0.08704597265658079,4.651445707861895,4.777748513214992,1.4,0.2556291360290201
14,3,coastal,1.0113499241925172,4.919090502472795,4.974319820800348,1.4,0.29840519620835787
15,3,coastal,0.158517236010547,5.239136932120356,4.584997524810948,1.4,0.3368298366769955
16,3,coastal,-0.2831992273182798,4.154818973181792,4.279211859509169,1.4,0.37034273965214537
17,3,coastal,0.983843883002213,4.482669933722299,4.628394064154465,1.4,0.3984552115439445
18,3,coastal,-0.4490635785538914,3.666655317892576,3.9050726703594187,1.4,0.4207573092084367
19,3,coastal,1.95068533731011,5.003283825625723,4.813788584116899,1.4,0.4369238178417234
20,3,coastal,-0.4956218924230709,3.386126621073595,3.6205406603665224,1.4,0.4467189933441243
21,3,coastal,0.33360999579411194,3.644708565380016,3.887257184615115,1.4,0.45
22,3,coastal,-0.3591060099962657,3.2291076332709063,3.4869308712840277,1.4,0.4467189933441243
23,3,coastal,0.2441137881486884,3.5273809505334546,3.678175867627291,1.4,0.43692381784172346
24,3,coastal,-0.44209173737053276,3.322852423811351,3.3213142458618257,1.4,0.4207573092084367
25,3,coastal,1.2970563966950606,4.272761100685611,3.9683055577861057,1.4,0.3984552115439445
26,3,coastal,-1.3543955045385851,2.9513417129281536,2.8984094582766304,1.4,0.3703427396521454
27,3,coastal,1.4435063276864724,4.01767220533407,3.8347293237402953,1.4,0.3368298366769956
28,3,coastal,-0.9290897080711056,3.3823966017453118,3.0154272276667418,1.4,0.29840519620835787
29,3,coastal,-0.382152850222894,3.4211742508713763,3.1307938577449335,1.4,0.2556291360290201
30,3,coastal,-0.6067237153322446,3.049864860268941,3.0257682971320947,1.4,0.20912542741969609
31,3,coastal,0.10263066661569271,3.172183192695939,3.0792443146662967,1.4,0.15957219916914114
32,3,coastal,-0.25122833241735737,2.7063545155132944,2.9310003329037913,1.4,0.10769204892940096
33,3,coastal,1.1504283347792799,3.4487836472637676,2.900913266424184,1.4,0.05424150611489539
34,3,coastal,0.41272181597110535,2.9473054982251927,2.705980546664734,1.4,-1.4473103847089729e-16
35,3,coastal,-0.7506686147957072,2.5450635649343907,2.6043410546331,1.4,-0.054241506114895276
36,3,coastal,1.2755312674460737,1.8097202358834796,2.278542787113626,1.4,-0.10769204892940085
37,3,coastal,1.6792995071139234,2.104904575834061,2.0004262944911506,1.4,-0.15957219916914103
38,3,coastal,-2.225033634606671,2.571633651195519,2.592783361623947,1.4,-0.20912542741969564
39,3,coastal,-1.4424981148863683,2.2582248715249644,2.368744546831892,1.4,-0.25562913602902004
40,3,coastal,0.17488087808214522,1.6049894473895736,1.8407575380246284,1.4,-0.29840519620835776
41,3,coastal,0.23322550910746184,1.5633080191391595,1.7344097911605054,1.4,-0.3368298366769955
42,3,coastal,0.7648590049213042,1.265727504789206,1.48278717837226,1.4,-0.37034273965214537
43,3,coastal,0.2258156450858847,1.8718239420889853,1.667122049164986,1.4,-0.3984552115439443
44,3,coastal,-0.2457509072360087,1.817323075115934,1.8930661192971825,1.4,-0.4207573092084366
45,3,coastal,-0.1483552748450917,2.1624578554243397,1.9304775573346877,1.4,-0.4369238178417234
46,3,coastal,1.6954010973391394,1.053360705188098,1.2278330586369757,1.4,-0.4467189933441243
47,3,coastal,1.8452544487910536,0.9778982644834344,1.3161868937045544,1.4,-0.45
48,3,coastal,0.4082059335434086,2.262410278135194,2.1637721211412226,1.4,-0.4467189933441243
49,3,coastal,0.8447006528295469,1.9660960324781716,2.209553221434778,1.4,-0.43692381784172346
50,3,coastal,-1.4037775012035596,3.1825448972335804,3.427893359829725,1.4,-0.4207573092084367
51,3,coastal,0.24922144216757275,3.2789481818771065,3.014680389681476,1.4,-0.3984552115439446
52,3,coastal,1.2652332151127315,3.102328089391296,2.9314300648162597,1.4,-0.37034273965214565
0,4,coastal,2.5772827563377607,2.520123667311015,2.4455220431596407,1.4,-0.37034273965214537
1,4,coastal,0.8311429041255608,3.14146317785217,3.406062299206499,1.4,-0.3368298366769955
2,4,coastal,0.03636029651051805,4.5758366236842996,3.951906182889612,1.4,-0.29840519620835787
3,4,coastal,-1.0186574340541419,4.235602908878043,4.481775464174338,1.4,-0.2556291360290201
4,4,coastal,0.2384577014596091,4.7228838958997335,4.404006966409908,1.4,-0.20912542741969584
5,4,coastal,0.1510518584767831,4.178038900597686,4.629344927093745,1.4,-0.15957219916914103
6,4,coastal,-2.2125146643501643,4.845411618864562,5.053069307335375,1.4,-0.10769204892940099
7,4,coastal,-0.3315395317531788,5.10262473945394,4.952325599286508,1.4,-0.05424150611489537
8,4,coastal,0.39008330248849005,4.809619373096403,5.010335371166972,1.4,0.0
9,4,coastal,0.14690302032906477,5.323693539586154,5.0508687712778615,1.4,0.05424150611489537
10,4,coastal,0.6367327982638986,5.085531592856283,5.102523901963161,1.4,0.10769204892940099
11,4,coastal,0.9804323149009947,4.985543491584029,5.143482639323163,1.4,0.15957219916914103
12,4,coastal,1.2213421633207213,5.1649092751092835,5.16247080116832,1.4,0.20912542741969584
13,4,coastal,-1.2072459640107038,4.739044558527292,4.491392757245422,1.4,0.2556291360290201
14,4,coastal,-1.2900578396461593,4.188566518033161,4.28756778547663,1.4,0.29840519620835787
15,4,coastal,-0.02033874361056189,4.93015483535305,4.524753494406466,1.4,0.3368298366769955
16,4,coastal,-0.6167411497939891,4.209530177660663,4.155687030150671,1.4,0.37034273965214537
17,4,coastal,-0.32186006168704706,4.254588643406838,4.108129522659543,1.4,0.3984552115439445
18,4,coastal,0.10702859540658692,3.7749213974070104,4.1390525171469,1.4,0.4207573092084367
19,4,coastal,-0.644319274632163,3.678282148598184,3.679969261750201,1.4,0.4369238178417234
20,4,coastal,0.5872003161431676,3.9918694275482083,4.104257907347894,1.4,0.4467189933441243
21,4,coastal,0.9829696836553888,4.057987812541408,4.17946904415269,1.4,0.45
22,4,coastal,0.5783533462127669,3.9118607147730433,3.9057117711907576,1.4,0.4467189933441243
23,4,coastal,-0.8651562184299889,3.2199626313280505,3.1935093813356215,1.4,0.43692381784172346
24,4,coastal,0.9599684139107452,3.8767333768815377,3.91124130246331,1.4,0.4207573092084367
25,4,coastal,0.05812122520698854,3.2819966855695477,3.474645381941593,1.4,0.3984552115439445
26,4,coastal,0.2792299812301326,3.408988411213647,3.503410796241784,1.4,0.3703427396521454
27,4,coastal,1.209314930790418,3.7096116209506804,3.75584667377264,1.4,0.3368298366769956
28,4,coastal,-2.4513643933092752,3.0327339589506077,2.5611725515352295,1.4,0.29840519620835787
29,4,coastal,-1.271050338328988,2.6714822299283996,2.9035657608420067,1.4,0.2556291360290201
30,4,coastal,-1.074919217822859,2.7168980517160133,2.9278567125577655,1.4,0.20912542741969609
31,4,coastal,0.7030948039363185,3.092548569402651,3.17506169758075,1.4,0.15957219916914114
32,4,coastal,-0.2693759329406766,3.491950389389316,2.929045980620283,1.4,0.10769204892940096
33,4,coastal,0.6741670157906996,2.8988070593879427,2.875080135177977,1.4,0.05424150611489539
34,4,coastal,0.23263146133257678,2.633842890878359,2.705980546664734,1.4,-1.4473103847089729e-16
35,4,coastal,-0.753255018587532,2.515396137431317,2.60448134507019,1.4,-0.054241506114895276
36,4,coastal,-1.0570013482772873,2.6254137588681647,2.5297380036955297,1.4,-0.10769204892940085
37,4,coastal,-0.7103135172351555,2.184445028932901,2.3817420999497556,1.4,-0.15957219916914103
38,4,coastal,1.1955544394746282,1.6082418929068236,1.877451418604982,1.4,-0.20912542741969564
39,4,coastal,0.4896790207927172,1.7086233883579358,1.8748237749832213,1.4,-0.25562913602902004
40,4,coastal,-0.17097722909325064,1.7017621162694252,1.9439633943565535,1.4,-0.29840519620835776
41,4,coastal,-0.47693549260436346,2.338811667810605,1.973613205381471,1.4,-0.3368298366769955
42,4,coastal,0.5266300588198477,1.4672581017533644,1.5710135389359166,1.4,-0.37034273965214537
43,4,coastal,0.8760196694109469,1.127653287412836,1.4080448671058194,1.4,-0.3984552115439443
44,4,coastal,0.0374240851651296,1.546287541762813,1.7739181714593601,1.4,-0.4207573092084366
45,4,coastal,-3.021417039626934,3.109787317507299,3.1857866724982498,1.4,-0.4369238178417234
46,4,coastal,-0.7874114043346151,2.4273814412382198,2.3369525600468823,1.4,-0.4467189933441243
47,4,coastal,-0.8390464331940353,2.2872696915218125,2.524122290597844,1.4,-0.45
48,4,coastal,-1.8065102092984189,3.345730566396612,3.153127887014506,1.4,-0.4467189933441243
49,4,coastal,-0.5159287750097491,2.6472656988569585,2.804044625714123,1.4,-0.43692381784172346
50,4,coastal,-0.6204516942942159,3.0647146528170617,3.0983033010810224,1.4,-0.4207573092084367
51,4,coastal,-0.027618720997823115,3.2402339182939603,3.124988795459404,1.4,-0.3984552115439446
52,4,coastal,-0.1520774904859611,3.396272780611403,3.456320794465995,1.4,-0.37034273965214565
0,5,coastal,-1.0138745844744408,3.5419871358549684,3.775481091277945,1.4,-0.37034273965214537
1,5,coastal,0.08927095411147568,3.890796036146565,3.6559469069649877,1.4,-0.3368298366769955
2,5,coastal,-0.8858943802619883,4.5633289853741745,4.227111770665988,1.4,-0.29840519620835787
3,5,coastal,-0.21704476881586726,4.322147526392401,4.2768599111295575,1.4,-0.2556291360290201
4,5,coastal,-0.10054088309828943,4.784984651258525,4.474900190300251,1.4,-0.20912542741969584
5,5,coastal,-0.35061580436308126,4.934095315357044,4.709397139305145,1.4,-0.15957219916914103
6,5,coastal,-0.09940986635487743,5.019870101333174,4.825504722036714,1.4,-0.10769204892940099
7,5,coastal,0.3215109198677909,5.072369551100613,4.916903159221573,1.4,-0.05424150611489537
8,5,coastal,0.3797972954868,4.71301047147283,5.010335371166972,1.4,0.0
9,5,coastal,2.5452769618785043,5.277966526716115,5.180960186094221,1.4,0.05424150611489537
10,5,coastal,-1.1985828569334844,4.997919736394229,4.9048749986227484,1.4,0.10769204892940099
11,5,coastal,-0.25994024885137607,5.310686294839291,4.945553661536132,1.4,0.15957219916914103
12,5,coastal,-0.4554351817599955,4.967430707821693,4.811814022190653,1.4,0.20912542741969584
13,5,coastal,1.8559408627726763,5.546795785340443,5.274432559271533,1.4,0.2556291360290201
14,5,coastal,1.1844409120804247,4.917400681071212,5.025971071002938,1.4,0.29840519620835787
15,5,coastal,0.9469125958906182,5.368892422332478,4.8505526051162535,1.4,0.3368298366769955
16,5,coastal,0.6494075568234844,4.660623731150925,4.624596010966407,1.4,0.37034273965214537
17,5,coastal,0.5538191575654031,4.21422884801553,4.457048471211414,1.4,0.3984552115439445
18,5,coastal,-0.14062609198054324,3.686136006747997,4.034849997269034,1.4,0.4207573092084367
19,5,coastal,0.4176875756230774,4.4548705599407885,4.143985349337784,1.4,0.4369238178417234
20,5,coastal,0.2127047044071175,4.035304655975128,3.9369636046613734,1.4,0.4467189933441243
21,5,coastal,0.5217235430983312,3.7700083369528103,3.9719082809020136,1.4,0.45
22,5,coastal,0.9002532766367997,4.043493231489145,4.049510584067325,1.4,0.4467189933441243
23,5,coastal,0.3881597702151503,3.863909151922746,3.7411129880565297,1.4,0.43692381784172346
24,5,coastal,-0.9368033195937558,2.778284730263818,3.113160731691334,1.4,0.4207573092084367
25,5,coastal,1.4793518635653085,4.037216083223348,4.040942136601393,1.4,0.3984552115439445
26,5,coastal,0.9588932915171983,3.5785652307149025,3.7551191686145424,1.4,0.3703427396521454
27,5,coastal,-1.1034798780842643,3.247232082129279,2.9768283760319774,1.4,0.3368298366769956
28,5,coastal,0.28680742801365083,3.8732207244358876,3.378257251129294,1.4,0.29840519620835787
29,5,coastal,1.2081228098896049,3.9184625393105037,3.5373146507874713,1.4,0.2556291360290201
30,5,coastal,0.6953051871091003,2.7658384650880237,3.2980556478679386,1.4,0.20912542741969609
31,5,coastal,0.3270375423652598,2.8186246499857983,3.115053413338331,1.4,0.15957219916914114
32,5,coastal,-1.114468912248945,2.6558641198862785,2.8380361861427237,1.4,0.10769204892940096
33,5,coastal,1.1875637661474452,2.440054966067097,2.90292754815182,1.4,0.05424150611489539
34,5,coastal,1.494195159769794,3.076295713894915,2.705980546664734,1.4,-1.4473103847089729e-16
35,5,coastal,0.9983791736767994,2.29422089655641,2.5094700683194247,1.4,-0.054241506114895276
36,5,coastal,1.206382705394178,2.3480172084374376,2.2859895374415165,1.4,-0.10769204892940085
37,5,coastal,1.258705878815626,1.6128674653264272,2.0675413447152384,1.4,-0.15957219916914103
38,5,coastal,1.842032810020042,2.332921614171168,1.7422563530470838,1.4,-0.20912542741969564
39,5,coastal,0.775480637639031,1.6481005390223193,1.801764554593101,1.4,-0.25562913602902004
40,5,coastal,1.276109300221993,1.6595160269615508,1.512145254645767,1.4,-0.29840519620835776
41,5,coastal,0.6487221174187525,1.690942845728761,1.5944581364431678,1.4,-0.3368298366769955
42,5,coastal,-0.07513468910835595,1.826402150223109,1.7938727443097302,1.4,-0.37034273965214537
43,5,coastal,-0.02085336484000868,1.8086894635567088,1.7654086016963433,1.4,-0.3984552115439443
44,5,coastal,-0.8057154911201159,2.202475367744559,2.1286753108642813,1.4,-0.4207573092084366
45,5,coastal,-0.32773920603137935,2.0935245791761847,2.0088546694080573,1.4,-0.4369238178417234
46,5,coastal,1.4217083089534805,1.4178465204819928,1.3500968255501635,1.4,-0.4467189933441243
47,5,coastal,0.6691753065516277,1.8496648366514539,1.8454225077122959,1.4,-0.45
48,5,coastal,-0.1386924666377113,2.62183251960434,2.4080820239316445,1.4,-0.4467189933441243
49,5,coastal,0.5654474379783613,2.5049362677250158,2.331565602212133,1.4,-0.43692381784172346
50,5,coastal,1.7443843684108677,1.6703473328868392,2.1032812426181575,1.4,-0.4207573092084367
51,5,coastal,-0.22486676530731062,2.8902159550339612,3.2035833066813697,1.4,-0.3984552115439446
52,5,coastal,-0.4683981083846813,3.788077115427715,3.573467838707067,1.4,-0.37034273965214565
0,6,coastal,1.108247691683214,3.0684283113404076,2.989568513648872,1.4,-0.37034273965214537
1,6,coastal,-1.5583538574500762,4.546860308371844,4.2109161031482305,1.4,-0.3368298366769955
2,6,coastal,-1.7033427792334301,4.669880530675536,4.471042620551269,1.4,-0.29840519620835787
3,6,coastal,-0.13598225225570887,4.4143301773702115,4.256137970056947,1.4,-0.2556291360290201
4,6,coastal,-0.7539875207559015,4.829472538139787,4.611552497696362,1.4,-0.20912542741969584
5,6,coastal,-0.8887686185757344,4.7244405529774625,4.79527136735812,1.4,-0.15957219916914103
6,6,coastal,-1.0199600645313829,5.350723253408979,4.924640659020708,1.4,-0.10769204892940099
7,6,coastal,0.6694228664247076,4.447250681793364,4.898031891244961,1.4,-0.05424150611489537
8,6,coastal,-1.969862442493885,4.765912798746307,5.010335371166972,1.4,0.0
9,6,coastal,-1.8757240729637814,5.279752672914797,4.941158431428864,1.4,0.05424150611489537
10,6,coastal,-1.059479314775811,4.998507932097623,4.9198553440910455,1.4,0.10769204892940099
11,6,coastal,0.07401149147037035,5.084819852066036,4.9988430751556345,1.4,0.15957219916914103
12,6,coastal,-0.5363121522207248,4.427852582880404,4.794900591174643,1.4,0.20912542741969584
13,6,coastal,0.8372558710362271,5.066057242077182,5.014026994948216,1.4,0.2556291360290201
14,6,coastal,-0.03502671933854941,5.1539899644949925,4.662075593179617,1.4,0.29840519620835787
15,6,coastal,1.2712526280087886,4.658224541262813,4.959800005162428,1.4,0.3368298366769955
16,6,coastal,-0.47539493648630743,3.9141760927632587,4.208033574026494,1.4,0.37034273965214537
17,6,coastal,0.3568514429530057,4.5884303691640085,4.3785656588182045,1.4,0.3984552115439445
18,6,coastal,0.4357822260760633,4.739345817071998,4.277378010179893,1.4,0.4207573092084367
19,6,coastal,-0.22525028586970966,3.5582694358668987,3.8630704842593624,1.4,0.4369238178417234
20,6,coastal,-0.08702205783349322,3.773376553325773,3.803069967154954,1.4,0.4467189933441243
21,6,coastal,-0.8928121713631201,3.2031499179928913,3.3353672093943607,1.4,0.45
22,6,coastal,0.08934784512994472,3.501707542320065,3.6872637260073002,1.4,0.4467189933441243
23,6,coastal,-0.6795361739186668,3.4481971461653718,3.274611199851459,1.4,0.43692381784172346
24,6,coastal,0.38378137118732036,3.588056670949421,3.668806392766235,1.4,0.4207573092084367
25,6,coastal,0.7404100694884769,3.8661182641884353,3.7465069277238467,1.4,0.3984552115439445
26,6,coastal,0.26058987127999084,3.1928608210143086,3.4965075668554317,1.4,0.3703427396521454
27,6,coastal,-0.4193365704709905,2.811269758450961,3.207268254599016,1.4,0.3368298366769956
28,6,coastal,0.6148111675105447,3.5173682406458022,3.4761352713709397,1.4,0.29840519620835787
29,6,coastal,-0.5198983921292921,3.1755573979690133,3.0955820838755517,1.4,0.2556291360290201
30,6,coastal,-1.3699154323645653,2.9020043502591037,2.8661655031045385,1.4,0.20912542741969609
31,6,coastal,0.23607658083481237,2.8517729346722613,3.100538572668378,1.4,0.15957219916914114
32,6,coastal,0.5693624252238375,3.4701080346581747,3.019371432926701,1.4,0.10769204892940096
33,6,coastal,-0.08070473941166392,2.555586032742048,2.834134754252206,1.4,0.05424150611489539
34,6,coastal,-0.7345458789101873,3.0107461159303393,2.705980546664734,1.4,-1.4473103847089729e-16
35,6,coastal,2.2488605730982347,2.2560777282141697,2.4416420738461437,1.4,-0.054241506114895276
36,6,coastal,-0.15456952781940023,2.646112090346504,2.4325532719313308,1.4,-0.10769204892940085
37,6,coastal,0.5447309258175733,1.9088866160516196,2.181471898116822,1.4,-0.15957219916914103
38,6,coastal,-0.0442591014931129,2.1579272428384586,2.136727955280587,1.4,-0.20912542741969564
39,6,coastal,0.15822239257036802,1.4230262847333202,1.9595537464867925,1.4,-0.25562913602902004
40,6,coastal,0.8834384121497709,1.59168550321014,1.6293202880462685,1.4,-0.29840519620835776
41,6,coastal,0.4569058162387893,1.3108372928319059,1.6590675898416003,1.4,-0.3368298366769955
42,6,coastal,-0.2225273301064583,1.8546606793314528,1.8484585387815327,1.4,-0.37034273965214537
43,6,coastal,1.0399689947138442,1.40402930707483,1.3427184040097666,1.4,-0.3984552115439443
44,6,coastal,1.0555662008157671,1.3084892118853095,1.345527434486413,1.4,-0.4207573092084366
45,6,coastal,0.26210399355403635,1.5825572708084628,1.75113812671722,1.4,-0.4369238178417234
46,6,coastal,0.35767805862975066,2.019776166225846,1.8254193478624767,1.4,-0.4467189933441243
47,6,coastal,-0.6854106720550204,2.19473434744104,2.4549861980852876,1.4,-0.45
48,6,coastal,0.6752419766582324,1.8122501010917769,2.0444820487743707,1.4,-0.4467189933441243
49,6,coastal,-1.0815153368173394,3.1367663952430376,3.0511628656190695,1.4,-0.43692381784172346
50,6,coastal,1.1969134871896838,2.229518277581618,2.333633617470755,1.4,-0.4207573092084367
51,6,coastal,0.9311653907041654,2.803868573809467,2.742956269406215,1.4,-0.3984552115439446
52,6,coastal,0.22776607309899388,3.4805688713122698,3.315648488488709,1.4,-0.37034273965214565
0,1,inland,-0.4091282047003783,2.8951512122676557,3.151517660197702,0.9,-0.37034273965214537
1,1,inland,-0.8002149461850059,3.7400543560847663,3.453403716110358,0.9,-0.3368298366769955
2,1,inland,0.006398515507071462,3.4990223717997795,3.359862546777259,0.9,-0.29840519620835787
3,1,inland,-0.5233923199217373,3.838435009738986,3.661822362229951,0.9,-0.2556291360290201
4,1,inland,-1.1541463939693177,3.926669072618378,3.9188521305396278,0.9,-0.20912542741969584
5,1,inland,1.3778218938143165,3.9843408620842498,3.5859263188446047,0.9,-0.15957219916914103
6,1,inland,0.806789881984743,3.5758625296988207,3.822628832311156,0.9,-0.10769204892940099
7,1,inland,0.7708479269856882,3.664773866815726,3.9445510161496293,0.9,-0.05424150611489537
8,1,inland,-0.2731266613248428,3.9198616270150337,4.035215595750197,0.9,0.0
9,1,inland,-1.2674780373136936,4.042956489806591,3.9874004231329443,0.9,0.05424150611489537
10,1,inland,-0.05812179472312778,3.9225407897991076,4.044139000601537,0.9,0.10769204892940099
11,1,inland,-0.7961164774639815,3.866314095591457,3.8931973777735167,0.9,0.15957219916914103
12,1,inland,0.17327275473956316,3.8169816299308215,4.005058159833928,0.9,0.20912542741969584
13,1,inland,-0.31851122906744145,3.7288603223504326,3.8185792496979487,0.9,0.2556291360290201
14,1,inland,1.2470171577009317,3.9981266418346295,4.190169952056603,0.9,0.29840519620835787
15,1,inland,-0.4137376507282787,3.5782992831878997,3.58810065116773,0.9,0.3368298366769955
16,1,inland,-0.0324828411419323,3.952347614957213,3.6206011966908345,0.9,0.37034273965214537
17,1,inland,1.1269568412549107,3.9483855631612914,3.986712331914508,0.9,0.3984552115439445
18,1,inland,0.3201848872785105,3.198721657846869,3.580875494478898,0.9,0.4207573092084367
19,1,inland,0.45602165866964184,3.4215462485803316,3.5602031021375593,0.9,0.4369238178417234
20,1,inland,-0.9302062077688633,2.6718196398570564,2.868566316338867,0.9,0.4467189933441243
21,1,inland,0.8377323418360263,3.4744763048644316,3.5937077094383465,0.9,0.45
22,1,inland,0.22741972680000622,3.095553733474513,3.260603648505585,0.9,0.4467189933441243
23,1,inland,0.9896932943555006,3.7919654207139626,3.5426813336545893,0.9,0.43692381784172346
24,1,inland,1.2732974640668535,3.6552362246670564,3.60474551346771,0.9,0.4207573092084367
25,1,inland,1.0066707935953683,2.996840863645066,3.434211801996363,0.9,0.3984552115439445
26,1,inland,-1.111521098906478,2.656355357309348,2.5883562310498114,0.9,0.3703427396521454
27,1,inland,-0.9631982074923425,2.523180423571248,2.642467527103569,0.9,0.3368298366769956
28,1,inland,-0.6233652552772312,2.674012417176853,2.74498827002451,0.9,0.29840519620835787
29,1,inland,0.6109256403400275,3.0059732062066757,3.0459096326256656,0.9,0.2556291360290201
30,1,inland,1.8206101011107618,2.9122163445718754,3.2217249284765144,0.9,0.20912542741969609
31,1,inland,-0.0103837934412619,2.6449636298552583,2.781614879632725,0.9,0.15957219916914114
32,1,inland,-1.3330198329762528,2.237933528366981,2.5723372658474313,0.9,0.10769204892940096
33,1,inland,1.1924131901318735,2.460696090279344,2.7037219093309157,0.9,0.05424150611489539
34,1,inland,-0.16229654220082015,2.565389276123098,2.553844637141615,0.9,-1.4473103847089729e-16
35,1,inland,1.029355454172007,2.2495299210370523,2.4064957045067414,0.9,-0.054241506114895276
36,1,inland,-0.6633729441423761,2.368360343277586,2.438809010487999,0.9,-0.10769204892940085
37,1,inland,-2.0687652056726735,2.462035873098781,2.602657576944129,0.9,-0.15957219916914103
38,1,inland,-1.4291423072606142,2.4785002312027626,2.4808164434117783,0.9,-0.20912542741969564
39,1,inland,0.7523956498940054,1.6920886951635898,1.9076657500656025,0.9,-0.25562913602902004
40,1,inland,0.4288648914624838,1.741171365360999,1.903202066977432,0.9,-0.29840519620835776
41,1,inland,0.6689553775881529,1.9997207577990408,1.7544404345455509,0.9,-0.3368298366769955
42,1,inland,-0.5505991943648275,2.299428362802244,2.1535121583286103,0.9,-0.37034273965214537
43,1,inland,-0.4105264035565934,2.404392167792868,2.1074260441291264,0.9,-0.3984552115439443
44,1,inland,-0.5683263172522862,2.343366227788612,2.2039118562492157,0.9,-0.4207573092084366
45,1,inland,-0.8420491678977002,2.7342437673426843,2.3815483685534318,0.9,-0.4369238178417234
46,1,inland,1.3619701097691685,1.4362319389234688,1.4820683958415273,0.9,-0.4467189933441243
47,1,inland,0.7410005629278877,1.504397223595567,1.8607613581785043,0.9,-0.45
48,1,inland,2.6478044946318366,1.6917859980540308,1.139684668990125,0.9,-0.4467189933441243
49,1,inland,-0.569005057833175,2.9071740681891862,2.7205838265555884,0.9,-0.43692381784172346
50,1,inland,-0.16145478461760604,2.651630956022145,2.7061613836819425,0.9,-0.4207573092084367
51,1,inland,-0.6954361654223565,2.8831798823564294,3.093232717928302,0.9,-0.3984552115439446
52,1,inland,-0.19112367311426878,2.989848905611583,3.07078126471352,0.9,-0.37034273965214565
0,2,inland,-0.36354976299661607,2.565252450226588,3.134638015228055,0.9,-0.37034273965214537
1,2,inland,0.3033253473497521,3.178686385686543,3.081698419272562,0.9,-0.3368298366769955
2,2,inland,1.0915395284657998,3.314617477620488,3.0360508298915736,0.9,-0.29840519620835787
3,2,inland,-0.2931807251188954,3.8543984374326437,3.6029735711466375,0.9,-0.2556291360290201
4,2,inland,0.2132761967886925,3.5146110032063547,3.632889296784011,0.9,-0.20912542741969584
5,2,inland,0.7683078955873,4.112628648145117,3.683187807966066,0.9,-0.15957219916914103
6,2,inland,0.015500796071659185,4.373969176586669,3.9078443752686085,0.9,-0.10769204892940099
7,2,inland,-0.4953682181263926,3.805964747192244,4.013232486927506,0.9,-0.05424150611489537
8,2,inland,-0.18621588358446378,4.377681304847241,4.035215595750197,0.9,0.0
9,2,inland,-0.6973340454183069,3.8094643799639507,4.018325891955709,0.9,0.05424150611489537
10,2,inland,-0.4156331424073463,4.110498113469632,4.005637871053912,0.9,0.10769204892940099
11,2,inland,-0.9018395393717056,3.75185795408262,3.876326916282006,0.9,0.15957219916914103
12,2,inland,0.752629948074228,3.8171642083248107,4.126216480518716,0.9,0.20912542741969584
13,2,inland,0.7068617181508607,4.5253975945257405,4.080694450302893,0.9,0.2556291360290201
14,2,inland,-0.27634574728060884,3.6114099797637604,3.735590545499053,0.9,0.29840519620835787
15,2,inland,0.6229800621832983,3.881991810272154,3.9372981090878847,0.9,0.3368298366769955
16,2,inland,0.9683374768593433,3.733214115831819,3.991247735158958,0.9,0.37034273965214537
17,2,inland,-0.38934825185266864,3.342767964222737,3.3825326652751673,0.9,0.3984552115439445
18,2,inland,-0.4358058929358274,3.5448961997017725,3.2627868480095263,0.9,0.4207573092084367
19,2,inland,-1.9015873024991106,2.265030492430964,2.5301075938458486,0.9,0.4369238178417234
20,2,inland,0.8067844735872333,3.770938805806623,3.644513044962387,0.9,0.4467189933441243
21,2,inland,1.0512805131339487,3.929022822387806,3.6898043865224115,0.9,0.45
22,2,inland,-0.9468450714457524,2.834566360172416,2.7360372599137985,0.9,0.4467189933441243
23,2,inland,0.008495954455247541,2.955331289469618,3.1139728458492275,0.9,0.43692381784172346
24,2,inland,-1.3028282124371577,2.8234607449534006,2.5208218056391187,0.9,0.4207573092084367
25,2,inland,-0.9717695992477351,2.539100352749216,2.6458919167389796,0.9,0.3984552115439445
26,2,inland,0.16099549115253917,3.1368156275042343,3.059623511265074,0.9,0.3703427396521454
27,2,inland,-0.04645965766817353,3.0425636170344577,2.9512524231163497,0.9,0.3368298366769956
28,2,inland,0.6152192958547013,3.161813982906288,3.114588336025675,0.9,0.29840519620835787
29,2,inland,-0.21756798571800212,2.6899318048801555,2.8341225227909015,0.9,0.2556291360290201
30,2,inland,-1.2924257171781535,2.5146504208098537,2.5707099824040216,0.9,0.20912542741969609
31,2,inland,-1.1507500305277016,2.7257809487662925,2.599644131322604,0.9,0.15957219916914114
32,2,inland,0.5451789796421922,2.7636575253041658,2.7746043442750796,0.9,0.10769204892940096
33,2,inland,0.2611964635567928,2.767065669051844,2.6532113115621008,0.9,0.05424150611489539
34,2,inland,0.10616026980795992,2.9568694429666307,2.553844637141615,0.9,-1.4473103847089729e-16
35,2,inland,0.4084821040956583,2.6098975314474075,2.4401728101214832,0.9,-0.054241506114895276
36,2,inland,1.185345965301937,2.0736831798827735,2.2397166832354136,0.9,-0.10769204892940085
37,2,inland,-0.7070656774723058,2.687520610177341,2.3853681886216145,0.9,-0.15957219916914103
38,2,inland,-0.2627152811456875,2.1574014014818297,2.2368868930216097,0.9,-0.20912542741969564
39,2,inland,-0.3666367753884972,2.0065429716617893,2.1937230421290277,0.9,-0.25562913602902004
40,2,inland,1.1891224939199478,1.5442189550815404,1.6763372479472167,0.9,-0.29840519620835776
41,2,inland,0.7146220828002033,1.7145303640411542,1.7390585256873994,0.9,-0.3368298366769955
42,2,inland,1.7718720347529167,0.9682356586796393,1.2934018005738597,0.9,-0.37034273965214537
43,2,inland,-0.4593732108751537,2.1006888075276664,2.1268893090724896,0.9,-0.3984552115439443
44,2,inland,-1.6215327221862443,1.9880803686442319,2.647056149230319,0.9,-0.4207573092084366
45,2,inland,0.1625003139839521,1.8948231837415246,1.942636773718775,0.9,-0.4369238178417234
46,2,inland,0.07082690403288089,2.1660385068706676,2.0588465889711474,0.9,-0.4467189933441243
47,2,inland,1.2193500280532878,1.5356072094729494,1.6455040988720744,0.9,-0.45
48,2,inland,-1.4608806319802685,3.032553039989153,2.9751123527182606,0.9,-0.4467189933441243
49,2,inland,-0.890581022569151,2.783536221320272,2.8610880247941664,0.9,-0.43692381784172346
50,2,inland,-0.11298991739487255,3.290551669314743,2.685769436558161,0.9,-0.4207573092084367
51,2,inland,0.38964288446962425,2.877447997093718,2.6608773155616907,0.9,-0.3984552115439446
52,2,inland,2.551948892728105,2.4015571858106286,2.054904255614815,0.9,-0.37034273965214565
0,3,inland,-0.13221208908134363,3.1046198665176816,3.048963787285518,0.9,-0.37034273965214537
1,3,inland,-1.701183840223659,3.4960492177131184,3.7568769215404507,0.9,-0.3368298366769955
2,3,inland,2.1100248070197374,3.0705772282321915,2.7321295305093622,0.9,-0.29840519620835787
3,3,inland,1.5941909815287432,3.577786334712088,3.1205063724106843,0.9,-0.2556291360290201
4,3,inland,1.3255869136849003,3.4037246769180114,3.4002768426895833,0.9,-0.20912542741969584
5,3,inland,0.017044202581773214,3.8635184617922937,3.8030686076148883,0.9,-0.15957219916914103
6,3,inland,-0.49241184204344507,4.172817475764445,3.9625425279443616,0.9,-0.10769204892940099
7,3,inland,0.18550690608880332,4.077512909125846,3.976300794713907,0.9,-0.05424150611489537
8,3,inland,-0.7905325468754614,4.034346848085635,4.035215595750197,0.9,0.0
9,3,inland,0.026536837601172494,3.8250326338282576,4.057589738883404,0.9,0.05424150611489537
10,3,inland,-1.2571431130056714,3.7900917548560185,3.915013938125658,0.9,0.10769204892940099
11,3,inland,-0.5786447061720454,4.08630371117036,3.9278998265757794,0.9,0.15957219916914103
12,3,inland,-0.3526228038449892,4.254091125841856,3.895080026366814,0.9,0.20912542741969584
13,3,inland,-0.8508685527551955,4.250995608836352,3.6824932069849265,0.9,0.2556291360290201
14,3,inland,-1.7813647401087729,3.681926186800374,3.286485057646859,0.9,0.29840519620835787
15,3,inland,1.6693058122186433,4.308072017163078,4.289731840583225,0.9,0.3368298366769955
16,3,inland,0.34049468007333616,3.724664818857426,3.758730713726363,0.9,0.37034273965214537
17,3,inland,0.6972404207867594,3.5917863437168736,3.815489584692964,0.9,0.3984552115439445
18,3,inland,0.6316278834834158,3.4640595924882582,3.711917411533887,0.9,0.4207573092084367
19,3,inland,0.5072810274981806,3.446009631682243,3.5825995412662817,0.9,0.4369238178417234
20,3,inland,0.6287106208975434,3.3978313164773293,3.5649640727479386,0.9,0.4467189933441243
21,3,inland,0.7031065428271273,3.9658461216546144,3.533126099884342,0.9,0.45
22,3,inland,-0.3560321975195168,3.048389098623866,2.999964592208875,0.9,0.4467189933441243
23,3,inland,-0.6462659610130602,3.130285885034776,2.827891769965455,0.9,0.43692381784172346
24,3,inland,-2.311939556329693,1.9931650162857932,2.0962308318911864,0.9,0.4207573092084367
25,3,inland,0.40228226147476254,3.4067176830547066,3.193390041575513,0.9,0.3984552115439445
26,3,inland,-0.4560817664072172,2.851118459155084,2.8310934291233614,0.9,0.3703427396521454
27,3,inland,1.281878134259093,3.238449489572936,3.398676224623092,0.9,0.3368298366769956
28,3,inland,0.648364483310102,3.141787467049793,3.1244790321916667,0.9,0.29840519620835787
29,3,inland,-1.57871302778977,2.707759694367334,2.4861741916759112,0.9,0.2556291360290201
30,3,inland,-0.41387503437629747,2.8742221983035203,2.7544372694548254,0.9,0.20912542741969609
31,3,inland,0.7005291741333529,2.9756759714265626,2.895056825286467,0.9,0.15957219916914114
32,3,inland,-0.6085226375258587,2.6763126222529574,2.6503598532690886,0.9,0.10769204892940096
33,3,inland,0.0074391032965357385,3.1991341880418505,2.6394471301538442,0.9,0.05424150611489539
34,3,inland,-0.7255564375627033,2.2972044724834793,2.553844637141615,0.9,-1.4473103847089729e-16
35,3,inland,-0.05237086340616308,2.6150027150674013,2.465170169176301,0.9,-0.054241506114895276
36,3,inland,0.12454599746938784,2.503708156886674,2.353956405275543,0.9,-0.10769204892940085
37,3,inland,0.12593440305141335,2.401604666232838,2.2524445338643733,0.9,-0.15957219916914103
38,3,inland,-0.4377430437423703,2.8382211298782813,2.2734896486849543,0.9,-0.20912542741969564
39,3,inland,0.8647182766176776,1.8531841497341939,1.87895281403972,0.9,-0.25562913602902004
40,3,inland,-1.3957716183428348,2.5723946148402614,2.4476830826948213,0.9,-0.29840519620835776
41,3,inland,-0.7081031085911489,2.230334038811758,2.218274819539996,0.9,-0.3368298366769955
42,3,inland,-0.8804454619634159,2.168171112685701,2.2756683287351063,0.9,-0.37034273965214537
43,3,inland,1.177567899583112,1.3304835648167324,1.4746415926198622,0.9,-0.3984552115439443
44,3,inland,1.6341891269056281,1.4109400938799455,1.2771873844753068,0.9,-0.4207573092084366
45,3,inland,0.48458819477793386,1.7221061145422918,1.8019089071617187,0.9,-0.4369238178417234
46,3,inland,-1.4745726912309443,2.444530409672236,2.7492059404818203,0.9,-0.4467189933441243
47,3,inland,-0.133305976013879,2.158801869987412,2.2541993007022993,0.9,-0.45
48,3,inland,-0.2376731290917774,2.2871649411187933,2.428682328376934,0.9,-0.4467189933441243
49,3,inland,-0.6018325812471521,2.6998128028341446,2.734926953415912,0.9,-0.43692381784172346
50,3,inland,1.466451179257953,2.2250723967943045,2.021208050677296,0.9,-0.4207573092084367
51,3,inland,-0.512453331246424,3.037744132029791,3.0203222540278207,0.9,-0.3984552115439446
52,3,inland,1.0594001617618376,2.45056741740874,2.6076588417051956,0.9,-0.37034273965214565
0,4,inland,1.7353557410559004,2.3317917772901167,2.357323600586279,0.9,-0.37034273965214537
1,4,inland,-0.42720152235630976,3.3845355835878577,3.3277616654838114,0.9,-0.3368298366769955
2,4,inland,1.0438798119709243,2.752310975598939,3.050272736943462,0.9,-0.29840519620835787
3,4,inland,-0.941944571717596,3.4315235481964166,3.768816512739527,0.9,-0.2556291360290201
4,4,inland,-0.21888858668692454,3.7199115784631975,3.72326594184409,0.9,-0.20912542741969584
5,4,inland,0.30630431760761406,3.868553217774912,3.756910734928296,0.9,-0.15957219916914103
6,4,inland,-0.936285653609633,4.428631820095391,4.010344208178028,0.9,-0.10769204892940099
7,4,inland,-1.1292332971470977,4.372324935877083,4.047614283487226,0.9,-0.05424150611489537
8,4,inland,0.22400317528747932,3.823846480254037,4.035215595750197,0.9,0.0
9,4,inland,-0.7981570537483921,3.89696456693524,4.01285710013285,0.9,0.05424150611489537
10,4,inland,-0.5949565797274595,3.96578676560665,3.9863261626678455,0.9,0.10769204892940099
11,4,inland,-1.877474919288839,3.771358783068022,3.7206426331214084,0.9,0.15957219916914103
12,4,inland,1.030930559493818,4.278746945103533,4.184416214833,0.9,0.20912542741969584
13,4,inland,-0.17032126921731014,3.583279106829305,3.8564609211026126,0.9,0.2556291360290201
14,4,inland,0.046693326259170984,4.02165143620045,3.831987083621657,0.9,0.29840519620835787
15,4,inland,0.9211879793994963,4.3269154073478955,4.037743433139604,0.9,0.3368298366769955
16,4,inland,0.8649382245477526,3.565800880981476,3.9529545727799,0.9,0.37034273965214537
17,4,inland,0.2850816843422097,4.07397477564701,3.651262788173266,0.9,0.3984552115439445
18,4,inland,0.3118435443683786,3.2635621115904088,3.5773658134808457,0.9,0.4207573092084367
19,4,inland,-0.5787745031078129,3.0511930466847534,3.108076012445792,0.9,0.4369238178417234
20,4,inland,2.1431755551616543,3.9705867220668316,4.241504323637377,0.9,0.4467189933441243
21,4,inland,-1.5076595622600397,2.9949451846545676,2.5382813525951167,0.9,0.45
22,4,inland,-0.633916431081417,3.219248589435722,2.8758284271259,0.9,0.4467189933441243
23,4,inland,1.4801947393197037,3.9732703736339987,3.756993097645231,0.9,0.43692381784172346
24,4,inland,-1.0856451407312078,2.823017538265663,2.612203170495737,0.9,0.4207573092084367
25,4,inland,0.5219284196772171,3.4976885892897265,3.2410636768524923,0.9,0.3984552115439445
26,4,inland,-0.2596205571682802,3.29153586827108,2.9038514115882825,0.9,0.3703427396521454
27,4,inland,0.6156003078635646,3.3881484451204993,3.1742539731767825,0.9,0.3368298366769956
28,4,inland,-0.10732788528083789,2.6861181249836408,2.8989765026691288,0.9,0.29840519620835787
29,4,inland,-1.9044726559545033,2.286209078311202,2.4029005393750253,0.9,0.2556291360290201
30,4,inland,-1.0866189689965648,2.8063515207284255,2.613749406583354,0.9,0.20912542741969609
31,4,inland,1.7543919695937735,3.130916801556732,3.063224029180625,0.9,0.15957219916914114
32,4,inland,-0.8833434291808342,2.4610404901216,2.620763839127364,0.9,0.10769204892940096
33,4,inland,1.034832744181116,2.6519485958940736,2.69517450860829,0.9,0.05424150611489539
34,4,inland,0.7327261681800028,2.81085783876887,2.553844637141615,0.9,-1.4473103847089729e-16
35,4,inland,1.3175215419379775,2.520326523129675,2.390865141895078,0.9,-0.054241506114895276
36,4,inland,0.5134180539448756,2.142870871240922,2.3120779767423083,0.9,-0.10769204892940085
37,4,inland,0.8178914326109609,2.8053777068082653,2.14202742892701,0.9,-0.15957219916914103
38,4,inland,-0.3591674967070007,2.425629232782735,2.257057503826446,0.9,-0.20912542741969564
39,4,inland,1.3210076890705813,1.7962287305434579,1.762311945755195,0.9,-0.25562913602902004
40,4,inland,1.4707477804486306,1.0573470475737219,1.5922987990633903,0.9,-0.29840519620835776
41,4,inland,-1.0321619115733969,2.6928316001529184,2.327427493222249,0.9,-0.3368298366769955
42,4,inland,0.2198497206157284,1.861854210080074,1.8681819963926887,0.9,-0.37034273965214537
43,4,inland,-0.9974324566121712,2.3645627269594027,2.341281819655808,0.9,-0.3984552115439443
44,4,inland,0.801010604500718,1.9009414585675382,1.6277533376526578,0.9,-0.4207573092084366
45,4,inland,0.16345974985222078,1.8876696846855505,1.9422175733362368,0.9,-0.4369238178417234
46,4,inland,0.2927196067628786,1.7179380376414548,1.9597229041771955,0.9,-0.4467189933441243
47,4,inland,0.553742510257803,2.034979404794056,1.9450274818800426,0.9,-0.45
48,4,inland,0.014328025813359162,2.5187421918531454,2.3161086261361543,0.9,-0.4467189933441243
49,4,inland,-1.246194708764511,2.5969939397236734,3.016464114243412,0.9,-0.43692381784172346
50,4,inland,-0.31962173957596945,2.4633398271428035,2.7727112860559155,0.9,-0.4207573092084367
51,4,inland,-0.934582812744658,3.04720215544836,3.188521945877135,0.9,-0.3984552115439446
52,4,inland,0.2785593413987226,2.9742596597469175,2.8968375703507006,0.9,-0.37034273965214565
0,5,inland,-0.8507783871023862,3.2910699668509222,3.315079598716331,0.9,-0.37034273965214537
1,5,inland,-1.250251952547675,3.6335601420748573,3.6049896074620995,0.9,-0.3368298366769955
2,5,inland,0.12224948886180245,3.044540638260608,3.3252920143424114,0.9,-0.29840519620835787
3,5,inland,-0.46975948322760364,3.879321005721807,3.6481122465230436,0.9,-0.2556291360290201
4,5,inland,-0.622872346243534,3.6895428535667216,3.8077492182319816,0.9,-0.20912542741969584
5,5,inland,1.1766240481933072,3.564042984147828,3.618031901538443,0.9,-0.15957219916914103
6,5,inland,0.37603420655392,4.038532451057419,3.869017793586269,0.9,-0.10769204892940099
7,5,inland,1.0864082100280166,3.9264120207840194,3.9274345511273707,0.9,-0.05424150611489537
8,5,inland,1.1365194576558975,4.1844108608359,4.035215595750197,0.9,0.0
9,5,inland,-0.04746970745110915,3.798892892635568,4.053575512417409,0.9,0.05424150611489537
10,5,inland,0.11065663893349412,3.9769412514474536,4.062315095937113,0.9,0.10769204892940099
11,5,inland,-0.7833166849975218,4.181993765348463,3.8952398688062986,0.9,0.15957219916914103
12,5,inland,-0.30154084686428223,4.3724037559983335,3.905762562453839,0.9,0.20912542741969584
13,5,inland,-1.7466996123714869,3.534378137510673,3.4534926871872527,0.9,0.2556291360290201
14,5,inland,0.5251628465897686,3.8893734854367668,3.9747648747156274,0.9,0.29840519620835787
15,5,inland,-0.3767789297865615,3.6661985199414717,3.600549451106319,0.9,0.3368298366769955
16,5,inland,0.4475033879429777,4.076597629027497,3.798360611765442,0.9,0.37034273965214537
17,5,inland,-0.9988272804779115,3.2813408199884098,3.1396825699926985,0.9,0.3984552115439445
18,5,inland,-1.2749375308888666,2.8709602010412705,2.9097160779527376,0.9,0.4207573092084367
19,5,inland,0.1433065398156347,3.1991902972076973,3.423570418511038,0.9,0.4369238178417234
20,5,inland,-2.247352032530146,2.013733887260006,2.2801722594140905,0.9,0.4467189933441243
21,5,inland,0.9869869076391112,3.4327332003255515,3.6608722640497344,0.9,0.45
22,5,inland,-1.2143491930475097,2.6454169062339354,2.616538087996457,0.9,0.4467189933441243
23,5,inland,1.5711713152496434,4.0155461359954785,3.796742930534708,0.9,0.43692381784172346
24,5,inland,-0.4594344690997691,3.2889205044051617,2.8756858876889893,0.9,0.4207573092084367
25,5,inland,-0.4336036269928434,2.820177545246404,2.860326953059555,0.9,0.3984552115439445
26,5,inland,-2.120493516385159,2.4889401816592605,2.214690621727309,0.9,0.3703427396521454
27,5,inland,0.3395124682500109,2.853978033968192,3.0812593512512447,0.9,0.3368298366769956
28,5,inland,-1.9909193858670526,2.476510474150709,2.336903011360304,0.9,0.29840519620835787
29,5,inland,0.9008662524967361,3.0449770467869506,3.12002690081101,0.9,0.2556291360290201
30,5,inland,-0.42616299262678986,2.7409600800052,2.751867544933576,0.9,0.20912542741969609
31,5,inland,-0.5198918291914544,2.678773298531276,2.7003115618737175,0.9,0.15957219916914114
32,5,inland,0.5775000490118326,2.429895919212709,2.7780850664590853,0.9,0.10769204892940096
33,5,inland,-0.14699883338391326,2.6508738543138795,2.6310701838670196,0.9,0.05424150611489539
34,5,inland,-0.5748002584422617,2.5269251821826484,2.553844637141615,0.9,-1.4473103847089729e-16
35,5,inland,0.9337489081261638,2.024139505964168,2.411681547558711,0.9,-0.054241506114895276
36,5,inland,0.08596647488556232,2.080853504074282,2.3581111131093135,0.9,-0.10769204892940085
37,5,inland,1.299410073155538,2.000690700816839,2.0651904405143764,0.9,-0.15957219916914103
38,5,inland,-0.7918917614431991,2.3690686524479223,2.347551150644277,0.9,-0.20912542741969564
39,5,inland,-0.610900517550107,2.1212935204210104,2.256163971501015,0.9,-0.25562913602902004
40,5,inland,-1.1393310901988487,2.339350114641558,2.37115989657824,0.9,-0.29840519620835776
41,5,inland,0.01306775264286221,1.7684996754100533,1.9753629561343355,0.9,-0.3368298366769955
42,5,inland,-0.19404740406681067,2.141551957584268,2.0214657914817655,0.9,-0.37034273965214537
43,5,inland,-0.24019334541900156,2.61167705739519,2.0395559494159854,0.9,-0.3984552115439443
44,5,inland,-0.273484577195903,1.9819097901941929,2.0798550390607584,0.9,-0.4207573092084366
45,5,inland,-0.6370839164679296,2.37518097747146,2.2919941683738476,0.9,-0.4369238178417234
46,5,inland,-0.8722606888637942,2.146903414167443,2.4801417291052834,0.9,-0.4467189933441243
47,5,inland,-0.31058981860411833,1.8905321450965977,2.3339770298679072,0.9,-0.45
48,5,inland,-0.12704627750415223,2.7393628405907013,2.3792632125988797,0.9,-0.4467189933441243
49,5,inland,-0.6714883268134265,2.4938346261377258,2.7653612077033403,0.9,-0.43692381784172346
50,5,inland,0.9095710119317065,2.7745496845280133,2.255519451433031,0.9,-0.4207573092084367
51,5,inland,-0.586405105240472,2.8949944519622193,3.049788723778669,0.9,-0.3984552115439446
52,5,inland,-2.4328989500560443,4.030654594968001,3.901006462460585,0.9,-0.37034273965214565
0,6,inland,-2.942576943470857,3.991113777021984,4.089762006882233,0.9,-0.37034273965214537
1,6,inland,1.4305693988634194,2.0340089409348834,2.7020089895060986,0.9,-0.3368298366769955
2,6,inland,-0.22447122032120578,3.744391161620519,3.4287552755956683,0.9,-0.29840519620835787
3,6,inland,0.6915295684574737,3.2003581590121786,3.3512529295608275,0.9,-0.2556291360290201
4,6,inland,0.280068558152817,3.9744495950404035,3.618921315665368,0.9,-0.20912542741969584
5,6,inland,0.6506390334639592,3.7242466119639377,3.7019644870688175,0.9,-0.15957219916914103
6,6,inland,0.1034924031805151,3.8742673183125125,3.8983683788104653,0.9,-0.10769204892940099
7,6,inland,0.27738764926921705,3.8036893629789077,3.9713170448208452,0.9,-0.05424150611489537
8,6,inland,1.2584240915959,4.073639179239301,4.035215595750197,0.9,0.0
9,6,inland,-1.701503712046549,4.133512714605298,3.9638582168429006,0.9,0.05424150611489537
10,6,inland,-0.14725538099133187,4.060413783742069,4.034540022067888,0.9,0.10769204892940099
11,6,inland,0.574319092969162,3.7826123039077,4.11188079556715,0.9,0.15957219916914103
12,6,inland,0.06190532421197872,4.009847486645027,3.981768398324214,0.9,0.20912542741969584
13,6,inland,0.12501118251576637,4.122344252401906,3.9319565005804713,0.9,0.2556291360290201
14,6,inland,2.095291288832278,4.7962688479051545,4.443299360595327,0.9,0.29840519620835787
15,6,inland,1.007825091897587,4.415258697623406,4.066925397592502,0.9,0.3368298366769955
16,6,inland,0.1893576297010693,3.799446075976679,3.7027582044285534,0.9,0.37034273965214537
17,6,inland,1.4325003350145733,4.060277841717577,4.10845772935639,0.9,0.3984552115439445
18,6,inland,1.6126537462510675,4.330948900852227,4.12469121381589,0.9,0.4207573092084367
19,6,inland,0.2552266447290345,3.467000636999446,3.472470978043047,0.9,0.4369238178417234
20,6,inland,0.2716335808873474,3.1398604330124766,3.4054509768882846,0.9,0.4467189933441243
21,6,inland,0.7657784954927607,3.850912551541286,3.561328478583877,0.9,0.45
22,6,inland,0.5758189310502088,3.8379240359079634,3.416240190310129,0.9,0.4467189933441243
23,6,inland,-0.5038501666046945,2.7676429722530127,2.89011662257932,0.9,0.43692381784172346
24,6,inland,-0.42931030168159334,3.022000365201869,2.8883608513140056,0.9,0.4207573092084367
25,6,inland,0.6390084101139291,3.2187257523060984,3.287714809209515,0.9,0.3984552115439445
26,6,inland,0.4099587131516761,2.9255638342084254,3.1518252329728598,0.9,0.3703427396521454
27,6,inland,0.32718214786813227,3.1129221226540635,3.0771061314508414,0.9,0.3368298366769956
28,6,inland,0.40663711734377356,3.276311384299466,3.052346330121555,0.9,0.29840519620835787
29,6,inland,0.04593286773710426,2.544262924232339,2.9014810183025395,0.9,0.2556291360290201
30,6,inland,0.551241174699555,3.064877735037548,2.95626760918749,0.9,0.20912542741969609
31,6,inland,-0.18966540633233056,3.270136405279542,2.7530065183931067,0.9,0.15957219916914114
32,6,inland,0.876782300845153,2.1322410547684045,2.8103153853672205,0.9,0.10769204892940096
33,6,inland,0.6261656291469601,2.366112193919491,2.673007788789208,0.9,0.05424150611489539
34,6,inland,1.5418456488435395,2.298758531738544,2.5538446371416144,0.9,-1.4473103847089729e-16
35,6,inland,0.7360328174056846,2.301252880098345,2.422405966102539,0.9,-0.054241506114895276
36,6,inland,0.7834327401716541,2.255674547414184,2.282999541941517,0.9,-0.10769204892940085
37,6,inland,-1.7545767667124623,2.1635175985453157,2.5525218367857287,0.9,-0.15957219916914103
38,6,inland,0.43417365082082915,1.9652995727046498,2.091149697260057,0.9,-0.20912542741969564
39,6,inland,-1.1109345520615101,1.8192930130888785,2.3839872397282704,0.9,-0.25562913602902004
40,6,inland,-1.1179733241155334,2.9320789975636186,2.3647866281995764,0.9,-0.29840519620835776
41,6,inland,0.23766684304248115,2.335479253812566,1.89971128119723,0.9,-0.3368298366769955
42,6,inland,0.8171915772117248,1.7819233778376513,1.6469607767120285,0.9,-0.37034273965214537
43,6,inland,-2.102957608196047,2.460275127609827,2.7817840777973126,0.9,-0.3984552115439443
44,6,inland,0.24781623213063764,1.8651082195863482,1.8605139132403428,0.9,-0.4207573092084366
45,6,inland,-0.5922891659046503,2.624378178716995,2.2724222749384717,0.9,-0.4369238178417234
46,6,inland,-1.1888538994969797,2.289526973351345,2.621569929458924,0.9,-0.4467189933441243
47,6,inland,-0.1445215894516544,2.4897565308273832,2.2592463267492984,0.9,-0.45
48,6,inland,-0.4489093482370346,2.602039359843134,2.523045559551322,0.9,-0.4467189933441243
49,6,inland,-0.3512984046323816,2.671331327941475,2.6254626044695537,0.9,-0.43692381784172346
50,6,inland,0.5432685537856262,2.222565234266897,2.409643888079012,0.9,-0.4207573092084367
51,6,inland,-0.1824022877148161,2.9038908127889616,2.888811695657134,0.9,-0.3984552115439446
52,6,inland,1.5409953894349049,2.250550209425196,2.429303545685353,0.9,-0.37034273965214565
0,1,highland,-0.47949855151353,2.3514323239070998,2.777578807226756,0.35,-0.37034273965214537
1,1,highland,2.1727620597042594,1.367659685428537,1.939652917256431,0.35,-0.3368298366769955
2,1,highland,-0.8377569732049842,2.9667284236690543,2.9906801050401604,0.35,-0.29840519620835787
3,1,highland,0.8166066224916632,2.81477363865884,2.5965957907162647,0.35,-0.2556291360290201
4,1,highland,-1.0142563460687306,3.4354613534644614,3.075575425672054,0.35,-0.20912542741969584
5,1,highland,-0.5325172448466201,2.86646067200597,2.998337098940535,0.35,-0.15957219916914103
6,1,highland,0.7308919465197165,2.6357000550717307,2.8749885161945836,0.35,-0.10769204892940099
7,1,highland,1.9118312024090327,2.8704962503265317,2.8798849950807797,0.35,-0.05424150611489537
8,1,highland,0.7868027987528241,3.4022820815471246,3.002583842791743,0.35,0.0
9,1,highland,0.1541780732970867,2.8448779388809964,3.0190879834561235,0.35,0.05424150611489537
10,1,highland,1.661941936178478,3.02154595523127,3.187466142883149,0.35,0.10769204892940099
11,1,highland,1.248088935578009,3.005638284609163,3.1959185208833354,0.35,0.15957219916914103
12,1,highland,0.3049990992139884,3.3650846378100905,3.040547341795292,0.35,0.20912542741969584
13,1,highland,0.20781532528206875,3.0288793903132336,3.003123652055445,0.35,0.2556291360290201
14,1,highland,1.5914238985663116,3.1933356698128765,3.3930210977614434,0.35,0.29840519620835787
15,1,highland,-0.47247724291609694,2.7163965019348164,2.723756614958731,0.35,0.3368298366769955
16,1,highland,0.00614003794500879,2.8658503736133945,2.8482970777795207,0.35,0.37034273965214537
17,1,highland,-0.18707240191782837,2.5200777415438593,2.7345541119264487,0.35,0.3984552115439445
18,1,highland,0.8763715784319264,2.8612336946277654,3.142244610541584,0.35,0.4207573092084367
19,1,highland,0.3278024051478444,2.3410686980910493,2.8835966031377693,0.35,0.4369238178417234
20,1,highland,-0.8843458673127089,2.4580666805826383,2.315431997693297,0.35,0.4467189933441243
21,1,highland,1.309947803911223,3.4998751410409277,3.2737596833869915,0.35,0.45
22,1,highland,-2.7396619918507725,1.198239754481631,1.4379785395406106,0.35,0.4467189933441243
23,1,highland,-1.5620473492792828,1.9750267846470966,1.960383493333742,0.35,0.43692381784172346
24,1,highland,-1.6209109063868135,1.7089887024921595,1.94482178248736,0.35,0.4207573092084367
25,1,highland,0.18851159236065185,2.6558413662135107,2.6879850956266864,0.35,0.3984552115439445
26,1,highland,1.4679818365323662,2.979846906915069,3.1436564151009847,0.35,0.3703427396521454
27,1,highland,1.1190490281215724,2.8766820695876962,2.964057432161603,0.35,0.3368298366769956
28,1,highland,-0.6160196374190936,1.9257362738759936,2.3893446453024705,0.35,0.29840519620835787
29,1,highland,0.3324865264147682,2.8297681590902513,2.642114058658307,0.35,0.2556291360290201
30,1,highland,-1.642556133195896,2.237561743790093,2.194662159941219,0.35,0.20912542741969609
31,1,highland,-0.02293150507627821,2.4760484546699013,2.512057597677779,0.35,0.15957219916914114
32,1,highland,1.085610952716008,2.940804554851764,2.6064255745309195,0.35,0.10769204892940096
33,1,highland,0.8603862700802724,2.6390411953912896,2.5062967223468573,0.35,0.05424150611489539
34,1,highland,-0.07900984041510521,2.7428298074443407,2.4264951366661838,0.35,-1.4473103847089729e-16
35,1,highland,-1.0186391094117768,2.1913326780124303,2.44615843407538,0.35,-0.054241506114895276
36,1,highland,-1.0718274408515123,2.1767083692347495,2.469404133898658,0.35,-0.10769204892940085
37,1,highland,0.6814653939363262,2.0007417092280346,2.208356020908159,0.35,-0.15957219916914103
38,1,highland,1.3522115002067634,2.003575573528563,1.9990862549983397,0.35,-0.20912542741969564
39,1,highland,1.6112260536417335,1.5602866224469603,1.8381236759601163,0.35,-0.25562913602902004
40,1,highland,0.9127751456283261,1.9364628684138256,1.9508588787651222,0.35,-0.29840519620835776
41,1,highland,1.2084576428085678,2.237904039629739,1.7961971848672436,0.35,-0.3368298366769955
42,1,highland,-0.12584353798555542,2.5284913230350825,2.238117030050697,0.35,-0.37034273965214537
43,1,highland,-0.1335480316174615,2.3764071368779316,2.2424877766388165,0.35,-0.3984552115439443
44,1,highland,1.2878429296685734,1.6898788403080955,1.6555468314377983,0.35,-0.4207573092084366
45,1,highland,-0.9628899980290649,2.938475251048931,2.6371239751635716,0.35,-0.4369238178417234
46,1,highland,1.4058366239085467,2.021880130242997,1.6182863110999817,0.35,-0.4467189933441243
47,1,highland,0.4955085033287648,2.2178878387102894,2.063659022417188,0.35,-0.45
48,1,highland,-0.2438199028332598,2.7758674111760793,2.4454503477636442,0.35,-0.4467189933441243
49,1,highland,-1.7573606175961995,3.085880520426564,3.1624884742654356,0.35,-0.43692381784172346
50,1,highland,1.1562336617542253,1.737114795564234,1.9728171645880677,0.35,-0.4207573092084367
51,1,highland,-0.9012871906654025,3.236634973324477,2.8876185712538414,0.35,-0.3984552115439446
52,1,highland,0.4909954111873808,2.3021406024776097,2.4181634142642343,0.35,-0.37034273965214565
0,2,highland,1.1173319809030147,2.227648054900016,2.186204213091419,0.35,-0.37034273965214537
1,2,highland,-1.3060649548773735,3.2062515028187,3.111425652405482,0.35,-0.3368298366769955
2,2,highland,-1.1052755665882772,3.256766835825673,3.070509043388086,0.35,-0.29840519620835787
3,2,highland,0.0717578988872463,2.6708684216921585,2.78700082640358,0.35,-0.2556291360290201
4,2,highland,0.9368445523027233,2.649667582099432,2.6675506163611713,0.35,-0.20912542741969584
5,2,highland,-2.416777094863437,3.741488202297376,3.2990125870138343,0.35,-0.15957219916914103
6,2,highland,0.6634231628991273,3.0746436220751625,2.882254367741459,0.35,-0.10769204892940099
7,2,highland,-0.03803560616345249,2.923876087814714,2.9856487075011957,0.35,-0.05424150611489537
8,2,highland,-1.1026994179275644,2.887086022236725,3.002583842791743,0.35,0.0
9,2,highland,-1.5651849632919481,2.8615651414325782,2.925827142793254,0.35,0.05424150611489537
10,2,highland,-0.12699923938464205,3.4752510463493484,2.9948114022725854,0.35,0.10769204892940099
11,2,highland,0.5767978848392563,3.303371679623327,3.0887991316343895,0.35,0.15957219916914103
12,2,highland,-0.3820889210196584,2.9792289188775176,2.896859765888978,0.35,0.20912542741969584
13,2,highland,1.4507592938058884,3.485162742149448,3.320856344861671,0.35,0.2556291360290201
14,2,highland,-1.1566204249275716,2.3899113108083245,2.572990392219987,0.35,0.29840519620835787
15,2,highland,1.418525411536457,3.4350302086950166,3.3607027302137493,0.35,0.3368298366769955
16,2,highland,-0.14247963805101632,2.484927316156176,2.7932568598049383,0.35,0.37034273965214537
17,2,highland,-0.4856667239352541,2.502988473631863,2.6155776481811746,0.35,0.3984552115439445
18,2,highland,0.16139598668751387,3.2712607200128683,2.8414134044094954,0.35,0.4207573092084367
19,2,highland,-1.372767716387919,2.349624015721011,2.1405770131288,0.35,0.4369238178417234
20,2,highland,3.331678056005192,4.112636495438024,4.198809960632615,0.35,0.4467189933441243
21,2,highland,-0.4783471948915121,3.06302508866477,2.4690269339257607,0.35,0.45
22,2,highland,1.078761313807024,2.8585001852992282,3.1437407548058047,0.35,0.4467189933441243
23,2,highland,0.8881170261272084,3.2311088880205197,3.030918666576128,0.35,0.43692381784172346
24,2,highland,0.13528628003497384,3.2898962021851967,2.683754585085618,0.35,0.4207573092084367
25,2,highland,0.34823820465336053,2.8071583773192335,2.7516289967169754,0.35,0.3984552115439445
26,2,highland,1.5271788452991546,2.8446550055803224,3.165579597506889,0.35,0.3703427396521454
27,2,highland,-1.5291854241446072,2.0291390974170525,2.0720530541223927,0.35,0.3368298366769956
28,2,highland,0.4105166147099335,2.6965133847708933,2.695668397034025,0.35,0.29840519620835787
29,2,highland,0.7130995307844419,2.890271973986647,2.739409832126736,0.35,0.2556291360290201
30,2,highland,-1.1394300290197152,2.141720782373625,2.2998786215230695,0.35,0.20912542741969609
31,2,highland,0.3612502727198899,2.114232916148828,2.573362328841424,0.35,0.15957219916914114
32,2,highland,1.1293035385710701,2.6799848300775784,2.6111309186246747,0.35,0.10769204892940096
33,2,highland,-0.2495020077866211,2.4271683295436928,2.4460947105360895,0.35,0.05424150611489539
34,2,highland,-0.7510992026355354,2.382581037542648,2.4264951366661838,0.35,-1.4473103847089729e-16
35,2,highland,1.9100908905556002,2.3387441567425222,2.2872997078732724,0.35,-0.054241506114895276
36,2,highland,-0.0865876915621421,1.9673387384776744,2.363301646610996,0.35,-0.10769204892940085
37,2,highland,-0.5803991045627516,2.4830383165991923,2.4097145139871223,0.35,-0.15957219916914103
38,2,highland,0.006629922902925256,2.1890461940570427,2.280481577480073,0.35,-0.20912542741969564
39,2,highland,0.6463801984050892,2.5202320439933756,2.0847663883354404,0.35,-0.25562913602902004
40,2,highland,0.08484316809536403,2.150896245550339,2.197918082968019,0.35,-0.29840519620835776
41,2,highland,0.6881505176956904,1.6913261546738316,1.9714521488408911,0.35,-0.3368298366769955
42,2,highland,-1.0879436550457144,2.81528389932709,2.5944238232224057,0.35,-0.37034273965214537
43,2,highland,0.2888785574857841,1.8326128199569962,2.074169700715896,0.35,-0.3984552115439443
44,2,highland,1.853032338133402,1.3773104392668611,1.417739256739029,0.35,-0.4207573092084366
45,2,highland,-0.22938850646581763,2.8058555389235567,2.316639703077159,0.35,-0.4369238178417234
46,2,highland,1.439017156884891,1.7028226521267005,1.6034639368101675,0.35,-0.4467189933441243
47,2,highland,-0.7381552248352469,2.376749721399091,2.6188077000909935,0.35,-0.45
48,2,highland,1.0639931746501927,1.852029695849654,1.861225406307955,0.35,-0.4467189933441243
49,2,highland,1.139455866460138,2.063633623535953,1.8968003564647025,0.35,-0.43692381784172346
50,2,highland,0.20840067784141109,1.913867599734082,2.371624820478227,0.35,-0.4207573092084367
51,2,highland,0.528797212527265,2.9217905939416786,2.317793987854011,0.35,-0.3984552115439446
52,2,highland,-1.625906248674865,3.454538499254375,3.202142574551793,0.35,-0.37034273965214565
0,3,highland,2.5841178440517987,1.8157633903526098,1.6429907180498615,0.35,-0.37034273965214537
1,3,highland,1.4249630128891015,2.0103970571141,2.1915339480623937,0.35,-0.3368298366769955
2,3,highland,-1.341608570970213,3.1523908304664965,3.141032039931188,0.35,-0.29840519620835787
3,3,highland,-1.0620179403855252,3.5470691762489883,3.0768269646474558,0.35,-0.2556291360290201
4,3,highland,0.2400036020118817,2.9755847158242426,2.8132777779342906,0.35,-0.20912542741969584
5,3,highland,-0.0628617999744247,2.826590873203942,2.9233931467505174,0.35,-0.15957219916914103
6,3,highland,-0.3532492881564758,3.346455281250197,2.9917419070857134,0.35,-0.10769204892940099
7,3,highland,0.9870626153238036,2.7231280733830614,2.9300458360520265,0.35,-0.05424150611489537
8,3,highland,0.027785081973758022,3.1357132787827067,3.002583842791743,0.35,0.0
9,3,highland,0.7651030479263228,3.0866375877765666,3.052225474203217,0.35,0.05424150611489537
10,3,highland,0.24341892777934587,3.243609019223796,3.0347024936551485,0.35,0.10769204892940099
11,3,highland,0.9623743179474832,2.6472228198338095,3.1503264110132623,0.35,0.15957219916914103
12,3,highland,0.11504879458856047,3.4528347110868065,3.000823903151998,0.35,0.20912542741969584
13,3,highland,-0.03968330332607955,2.696888743600463,2.939855791455977,0.35,0.2556291360290201
14,3,highland,0.3602388054814652,3.2943991168447897,3.0256290684906544,0.35,0.29840519620835787
15,3,highland,-2.438472369462442,1.838378667034186,2.0615507975763565,0.35,0.3368298366769955
16,3,highland,-2.01069876501066,2.192994227858837,2.101375470056165,0.35,0.37034273965214537
17,3,highland,0.46564338692819246,2.926836859439281,2.9946321196491623,0.35,0.3984552115439445
18,3,highland,-0.58128446745764,1.8227433580884522,2.528925174921681,0.35,0.4207573092084367
19,3,highland,1.020187084758817,3.159814795010383,3.186115960768514,0.35,0.4369238178417234
20,3,highland,-1.2585254157936994,2.049815748184622,2.14827888646591,0.35,0.4467189933441243
21,3,highland,-0.9959623428594436,2.2747391800116366,2.2361001173401918,0.35,0.45
22,3,highland,0.23814696594737733,2.7404284183243544,2.768222359539316,0.35,0.4467189933441243
23,3,highland,0.07422925352421965,2.7856742445427876,2.6753117136757334,0.35,0.43692381784172346
24,3,highland,0.2763047371975947,2.8932742770050544,2.743089131670088,0.35,0.4207573092084367
25,3,highland,0.02394288976778796,2.7079553106721925,2.6224118384215345,0.35,0.3984552115439445
26,3,highland,-0.5272001671814247,2.2678925120400275,2.404755245740962,0.35,0.3703427396521454
27,3,highland,1.2622411730470615,2.94508996390842,3.0122888189502843,0.35,0.3368298366769956
28,3,highland,1.275259355899122,2.650285434020103,2.953712124388338,0.35,0.29840519620835787
29,3,highland,0.17635345487312892,2.559628134681179,2.602201896474561,0.35,0.2556291360290201
30,3,highland,0.316355408478637,3.0789964941330674,2.6043203733712814,0.35,0.20912542741969609
31,3,highland,-0.3408334302565011,2.5982839812984015,2.461329288356667,0.35,0.15957219916914114
32,3,highland,-1.5496102737062734,2.444572714709073,2.322633201275255,0.35,0.10769204892940096
33,3,highland,-0.6303105083134336,2.3744667797288566,2.42543908392616,0.35,0.05424150611489539
34,3,highland,0.5343666116627686,2.484950977767773,2.4264951366661838,0.35,-1.4473103847089729e-16
35,3,highland,-1.0323041194058162,3.1213143421679606,2.4468996447985316,0.35,-0.054241506114895276
36,3,highland,-0.16981735076228135,2.4329758768194725,2.372264819141955,0.35,-0.10769204892940085
37,3,highland,-0.11604824448112899,2.8001592484728928,2.3356170260578155,0.35,-0.15957219916914103
38,3,highland,1.628579822493533,1.4560920809970588,1.9412906114748547,0.35,-0.20912542741969564
39,3,highland,-0.07270372616439273,2.6073251801273862,2.2685851907054944,0.35,-0.25562913602902004
40,3,highland,0.6064576708930979,1.9946289270345479,2.0422656049155368,0.35,-0.29840519620835776
41,3,highland,-0.2813307498227336,3.078223800023931,2.2980023658405284,0.35,-0.3368298366769955
42,3,highland,-1.8487648272860184,2.960565680825593,2.876188420535237,0.35,-0.37034273965214537
43,3,highland,0.43352458123322946,1.7801843628356493,2.016534738724617,0.35,-0.3984552115439443
44,3,highland,0.19008891156017962,1.8603588036330458,2.1174348582698355,0.35,-0.4207573092084366
45,3,highland,-0.18691502401377058,2.2305244030702576,2.298082026967177,0.35,-0.4369238178417234
46,3,highland,1.4370953547932441,1.6523581079533824,1.6043224423059548,0.35,-0.4467189933441243
47,3,highland,-0.3576539051624312,2.456398840723293,2.4475821062382264,0.35,-0.45
48,3,highland,0.7178555733559093,2.1614745574996297,2.015851647116687,0.35,-0.4467189933441243
49,3,highland,-0.04223095515762759,2.1367376423841695,2.413107474059188,0.35,-0.43692381784172346
50,3,highland,1.1904994489001026,2.379939244020982,1.9583995841906592,0.35,-0.4207573092084367
51,3,highland,1.6281095706978224,1.626953945593347,1.8797672496262892,0.35,-0.3984552115439446
52,3,highland,1.3317142059528295,2.2225572846773236,2.106809312533748,0.35,-0.37034273965214565
0,4,highland,0.08676833218315036,2.611291536943872,2.5678659781442446,0.35,-0.37034273965214537
1,4,highland,-0.7057903318144682,2.5949647075198574,2.9092352491578586,0.35,-0.3368298366769955
2,4,highland,0.6467470297289004,2.490895440440803,2.5476963967725816,0.35,-0.29840519620835787
3,4,highland,-0.24046776976807002,2.4763688473578727,2.8668148043280217,0.35,-0.2556291360290201
4,4,highland,-0.8642700060179337,2.894647811835671,3.0442094682018155,0.35,-0.20912542741969584
5,4,highland,0.45581730803388026,3.0110988656916002,2.840626380822544,0.35,-0.15957219916914103
6,4,highland,-0.22706740990145607,2.939675296413259,2.9781531220786697,0.35,-0.10769204892940099
7,4,highland,0.6850135425775564,2.934669566008752,2.9464294326783906,0.35,-0.05424150611489537
8,4,highland,1.3992319707581324,3.1039384306398787,3.002583842791743,0.35,0.0
9,4,highland,-0.8382329908462267,3.2467368205685596,2.9652581126519038,0.35,0.05424150611489537
10,4,highland,0.6426198921510847,2.941848646648949,3.0776932634429337,0.35,0.10769204892940099
11,4,highland,0.5384027176015611,2.960914693257504,3.0826723303608032,0.35,0.15957219916914103
12,4,highland,-0.8542695128159652,2.5211427083803906,2.7981147978102907,0.35,0.20912542741969584
13,4,highland,0.8805403458448601,3.494134496495501,3.1750917678470163,0.35,0.2556291360290201
14,4,highland,-1.0636869349042597,2.458392284726728,2.6007222285447207,0.35,0.29840519620835787
15,4,highland,0.026157733804214024,2.576929263061181,2.8917117527288707,0.35,0.3368298366769955
16,4,highland,-1.112949035618551,2.590579651647968,2.4338505643612107,0.35,0.37034273965214537
17,4,highland,-1.5300457295154701,2.219030596011955,2.199439390580655,0.35,0.3984552115439445
18,4,highland,-1.7040378699694432,2.096077000775333,2.0565184743761975,0.35,0.4207573092084367
19,4,highland,0.902635489828904,3.166661713475412,3.134754869118353,0.35,0.4369238178417234
20,4,highland,-0.7263093023694535,2.5335311312916113,2.3860299328963115,0.35,0.4467189933441243
21,4,highland,1.2992405341600783,3.595596284545909,3.2689414119989766,0.35,0.45
22,4,highland,-2.4516995862283166,1.478330360641629,1.5666168155012266,0.35,0.4467189933441243
23,4,highland,-3.084155388734113,1.339477729778819,1.295338237567557,0.35,0.43692381784172346
24,4,highland,0.7307390191682596,3.0910940632062793,2.934295677364133,0.35,0.4207573092084367
25,4,highland,-1.1173446451732656,2.3969452059891516,2.16765987225413,0.35,0.3984552115439445
26,4,highland,-0.10577367731466303,2.728072569939065,2.5608274865602056,0.35,0.3703427396521454
27,4,highland,1.815449327700334,3.4127135303161276,3.198625831330528,0.35,0.3368298366769956
28,4,highland,0.9149263081181862,2.988479117609066,2.8461868705649125,0.35,0.29840519620835787
29,4,highland,1.4746010386363129,2.9834609754218855,2.934071804663706,0.35,0.2556291360290201
30,4,highland,0.4917857303802192,2.6288439585834524,2.6410073144213246,0.35,0.20912542741969609
31,4,highland,-2.2770416907183426,2.200692233352407,2.1523642781853134,0.35,0.15957219916914114
32,4,highland,-1.1467686210413266,2.445596031578483,2.3660160442448492,0.35,0.10769204892940096
33,4,highland,0.8893064192761547,2.3880792859458038,2.5078653947963097,0.35,0.05424150611489539
34,4,highland,-0.20810567825159035,2.405446588985205,2.4264951366661838,0.35,-1.4473103847089729e-16
35,4,highland,2.1538130947560923,2.4733680199418973,2.2740798484437956,0.35,-0.054241506114895276
36,4,highland,1.4655702995412525,2.2217488122059703,2.196146572286929,0.35,-0.10769204892940085
37,4,highland,2.133828180693908,2.0350661890907333,1.9765992970338295,0.35,-0.15957219916914103
38,4,highland,2.068269310025028,1.9050893867077021,1.849340359462884,0.35,-0.20912542741969564
39,4,highland,-0.29685073683411,2.0263548680232617,2.3258836973864816,0.35,-0.25562913602902004
40,4,highland,-0.2229795991906975,2.2601124448843097,2.289773996237416,0.35,-0.29840519620835776
41,4,highland,-1.711296024459712,2.3574344138339924,2.7796573357502767,0.35,-0.3368298366769955
42,4,highland,-1.5377389195685636,2.770036407953293,2.7610022337683593,0.35,-0.37034273965214537
43,4,highland,-0.07507518524364455,2.3725376145915735,2.2191889662673607,0.35,-0.3984552115439443
44,4,highland,-2.5100810136900282,3.5755382349658875,3.2535510904236586,0.35,-0.4207573092084366
45,4,highland,-0.3810289425967736,2.430898300699047,2.3828950213706803,0.35,-0.4369238178417234
46,4,highland,0.6826765027512396,2.117173567662384,1.9413356724499888,0.35,-0.4467189933441243
47,4,highland,3.245418023128428,0.6662084641644264,0.8261997385073396,0.35,-0.45
48,4,highland,0.6499534074985817,2.2705397693312017,2.0461848342943583,0.35,-0.4467189933441243
49,4,highland,0.6672867005552635,2.0447858492332376,2.1031023110990024,0.35,-0.43692381784172346
50,4,highland,0.2801627025933315,2.2342766789191204,2.3414304240402597,0.35,-0.4207573092084367
51,4,highland,-0.0006973770607404239,2.0178345873066226,2.528773866559674,0.35,-0.3984552115439446
52,4,highland,-3.3821514450545136,3.7095696702261507,3.8525552320799523,0.35,-0.37034273965214565
0,5,highland,-1.3054520584207712,3.0526007928589265,3.083464691800081,0.35,-0.37034273965214537
1,5,highland,0.8511673420388316,2.1340815493464915,2.384805450160857,0.35,-0.3368298366769955
2,5,highland,-0.20017981738363472,2.7090719680294613,2.8004237687593236,0.35,-0.29840519620835787
3,5,highland,-0.7418421678634974,3.070572162798516,2.994980708540226,0.35,-0.2556291360290201
4,5,highland,-0.6694466277998532,3.2469509942972796,3.0034669459606103,0.35,-0.20912542741969584
5,5,highland,0.3748486867044287,2.7489634598811357,2.853546721791778,0.35,-0.15957219916914103
6,5,highland,-1.0169937668213733,2.9885034516220452,3.0632219099587132,0.35,-0.10769204892940099
7,5,highland,-0.11245947652940573,2.8584028901053053,2.989685570320745,0.35,-0.05424150611489537
8,5,highland,-1.1483775792266298,3.174690830964845,3.002583842791743,0.35,0.0
9,5,highland,-1.6119968823419477,3.0154715686162312,2.9232879937998537,0.35,0.05424150611489537
10,5,highland,0.13822056612132533,3.020638834627832,3.02337346654418,0.35,0.10769204892940099
11,5,highland,-1.4007922443919851,2.849560055136536,2.773230725657774,0.35,0.15957219916914103
12,5,highland,0.2320996352723742,3.1721290881425346,3.0253022102398353,0.35,0.20912542741969584
13,5,highland,0.09784507686612864,2.8244308922049743,2.9750120524639816,0.35,0.2556291360290201
14,5,highland,-0.023916220309549225,3.0057563632640276,2.91099521264506,0.35,0.29840519620835787
15,5,highland,1.331761746910558,2.9919923869191125,3.3314781392283104,0.35,0.3368298366769955
16,5,highland,0.5305737974159618,3.031835259961381,3.0425173130280676,0.35,0.37034273965214537
17,5,highland,0.000660635438965629,2.360659880802145,2.809357319040237,0.35,0.3984552115439445
18,5,highland,-0.20096342761846614,2.6052920179535635,2.6889480322797663,0.35,0.4207573092084367
19,5,highland,0.349021960688547,3.0212589921095483,2.8928679323575177,0.35,0.4369238178417234
20,5,highland,-1.0583919420775139,2.3371848821561385,2.237682310378867,0.35,0.4467189933441243
21,5,highland,-0.9465447519971264,2.466370941112573,2.2583380332282346,0.35,0.45
22,5,highland,1.2273765477773375,3.269952750438705,3.210130002520625,0.35,0.4467189933441243
23,5,highland,-0.4744926157320585,2.2954678463421394,2.4355620596270335,0.35,0.43692381784172346
24,5,highland,1.0549580119662456,2.810014821738548,3.070713188368083,0.35,0.4207573092084367
25,5,highland,-0.5168963713409017,2.6872525829168006,2.4069116162252007,0.35,0.3984552115439445
26,5,highland,-1.0269723664901727,1.812519269747431,2.2196682402469823,0.35,0.3703427396521454
27,5,highland,0.9914076444638417,3.038688794015136,2.9210640057509436,0.35,0.3368298366769956
28,5,highland,-0.46832352800799565,2.9764423410413974,2.4334179318105003,0.35,0.29840519620835787
29,5,highland,-0.729480421215296,2.311933614864873,2.370644365344258,0.35,0.2556291360290201
30,5,highland,-0.42914767896737105,2.303088381462418,2.448416721566432,0.35,0.20912542741969609
31,5,highland,0.9187380251715086,2.098532788805218,2.66232187550999,0.35,0.15957219916914114
32,5,highland,0.5916688367501038,2.573152872499666,2.5532319360100275,0.35,0.10769204892940096
33,5,highland,0.31334732922593705,2.408307567025234,2.476624506291421,0.35,0.05424150611489539
34,5,highland,1.3972126755536973,2.482873674061313,2.4264951366661838,0.35,-1.4473103847089729e-16
35,5,highland,-1.049683047636845,2.6009673444642996,2.4478423040404453,0.35,-0.054241506114895276
36,5,highland,-2.4385832853932476,2.891311178706673,2.616592871183591,0.35,-0.10769204892940085
37,5,highland,-0.2741413081879582,2.593899523179369,2.3608442839069017,0.35,-0.15957219916914103
38,5,highland,-0.11102384458871446,2.5829661893167626,2.3050859718942998,0.35,-0.20912542741969564
39,5,highland,-0.7361500600804743,2.4048943127329276,2.438181403846083,0.35,-0.25562913602902004
40,5,highland,0.7444860383833655,1.9573938493078167,2.0010772228322837,0.35,-0.29840519620835776
41,5,highland,-1.302051599143899,2.2921129771605178,2.641811602810181,0.35,-0.3368298366769955
42,5,highland,-0.25849673056295813,2.1900836524281577,2.2872441768134157,0.35,-0.37034273965214537
43,5,highland,1.231706234070666,1.599023437681679,1.6984950993927814,0.35,-0.3984552115439443
44,5,highland,0.2076053874923368,2.22807263797177,2.1100646729898065,0.35,-0.4207573092084366
45,5,highland,-0.5659083272383114,2.144971539969368,2.4636732279484894,0.35,-0.4369238178417234
46,5,highland,1.3134050935901467,1.812814325213163,1.659577231277074,0.35,-0.4467189933441243
47,5,highland,0.5402239862690986,2.061755080762199,2.043537055094038,0.35,-0.45
48,5,highland,-0.07032828915606079,2.198276715846335,2.367948348748118,0.35,-0.4467189933441243
49,5,highland,-0.18327418309865215,2.732303337202904,2.4747326196919013,0.35,-0.43692381784172346
50,5,highland,-0.05309003266209946,2.6333001091655905,2.481648948212686,0.35,-0.4207573092084367
51,5,highland,1.317558958646116,1.9196802402578226,2.003507759446453,0.35,-0.3984552115439446
52,5,highland,0.6941326685472047,2.159512500263987,2.342933005848174,0.35,-0.37034273965214565
0,6,highland,0.11658375252721011,2.9210788554027025,2.5568240536901454,0.35,-0.37034273965214537
1,6,highland,-0.8328385910147418,2.897447694848825,2.9520288935543837,0.35,-0.3368298366769955
2,6,highland,-0.7107992298079234,3.4297736959820124,2.95279525471159,0.35,-0.29840519620835787
3,6,highland,0.45482625141680916,2.7980005306256928,2.689077394406388,0.35,-0.2556291360290201
4,6,highland,-0.14173828983233266,3.004594513403464,2.8931097142302153,0.35,-0.20912542741969584
5,6,highland,1.5870116289988445,2.7168109047551137,2.660119215338521,0.35,-0.15957219916914103
6,6,highland,0.09934975589339994,2.8648086552235466,2.943000588688494,0.35,-0.10769204892940099
7,6,highland,-0.30923810482268904,2.50937397504569,3.0003591394905955,0.35,-0.05424150611489537
8,6,highland,-1.4982266739646946,3.228353948844273,3.002583842791743,0.35,0.0
9,6,highland,1.2126700140674622,3.0763405380555766,3.076502180533987,0.35,0.05424150611489537
10,6,highland,0.7691149813544474,2.941905844480546,3.0913157787787515,0.35,0.10769204892940099
11,6,highland,0.9519814106294394,3.4613213971821994,3.148667991936761,0.35,0.15957219916914103
12,6,highland,-0.5055938056461304,2.7783567538331084,2.871031754103047,0.35,0.20912542741969584
13,6,highland,-0.7857898985088165,2.271085393409069,2.74912920714386,0.35,0.2556291360290201
14,6,highland,-0.07940717323030701,2.7880478699853826,2.8944364239509524,0.35,0.29840519620835787
15,6,highland,-0.4524336833798888,3.0065514769915334,2.7305078838437375,0.35,0.3368298366769955
16,6,highland,-0.16136307878691006,2.818435043543518,2.786263514628749,0.35,0.37034273965214537
17,6,highland,-0.10581146162557462,2.7936466556193236,2.7669329570808583,0.35,0.3984552115439445
18,6,highland,-0.4952004946799193,2.7404270121694605,2.565145635673607,0.35,0.4207573092084367
19,6,highland,2.3232421942636354,4.143674021973345,3.755451774071524,0.35,0.4369238178417234
20,6,highland,1.4887955432273638,3.650230120252578,3.3755593396730132,0.35,0.4467189933441243
21,6,highland,0.10058466794324104,3.01645182874958,2.7295462722013997,0.35,0.45
22,6,highland,-2.32095436120715,1.3346297174401154,1.625023190807233,0.35,0.4467189933441243
23,6,highland,1.1145988739960477,2.8683514971018633,3.1298739802188296,0.35,0.43692381784172346
24,6,highland,1.2045110730862028,3.0069508133313474,3.133638731948801,0.35,0.4207573092084367
25,6,highland,1.442176170839017,3.3921073730386304,3.1875142804494336,0.35,0.3984552115439445
26,6,highland,-1.3406832052725541,1.9086450705315177,2.1034877087537427,0.35,0.3703427396521454
27,6,highland,0.3101988097143223,2.8637590776908715,2.6916125451993365,0.35,0.3368298366769956
28,6,highland,2.100585642042464,3.1153953640177585,3.1999937767408575,0.35,0.29840519620835787
29,6,highland,-0.05206529877298116,2.277935686685818,2.54381140782718,0.35,0.2556291360290201
30,6,highland,1.7256172043677664,2.9423711191413804,2.899032848782844,0.35,0.20912542741969609
31,6,highland,1.678995799096611,2.813760403517786,2.7836378804306547,0.35,0.15957219916914114
32,6,highland,0.6466658724480062,2.5457164661362053,2.559154679469378,0.35,0.10769204892940096
33,6,highland,0.9557430645913785,2.4782608255727356,2.511469018499428,0.35,0.05424150611489539
34,6,highland,0.011102700649840435,2.9874864039906157,2.4264951366661838,0.35,-1.4473103847089729e-16
35,6,highland,-0.29880462491565446,2.829420407233184,2.407113527482871,0.35,-0.054241506114895276
36,6,highland,-2.1022752845244246,2.6334091915916598,2.580375173498677,0.35,-0.10769204892940085
37,6,highland,0.974337250254284,2.5968824822810412,2.1616218147207538,0.35,-0.15957219916914103
38,6,highland,-0.03400197694798747,2.0377323013861406,2.2889787409032696,0.35,-0.20912542741969564
39,6,highland,-2.4163764756032067,2.933898368789396,2.867696230779296,0.35,-0.25562913602902004
40,6,highland,0.09073703649822815,2.214840399121697,2.1961593220108364,0.35,-0.29840519620835776
41,6,highland,1.51860516106928,1.7225973890526594,1.6917302469457125,0.35,-0.3368298366769955
42,6,highland,1.8773270952001,1.354152806173767,1.4962573297659985,0.35,-0.37034273965214537
43,6,highland,0.7121628252772327,2.1110123233153466,1.9055098782498308,0.35,-0.3984552115439443
44,6,highland,1.5811141964225643,1.7282099247851763,1.5321508023702393,0.35,-0.4207573092084366
45,6,highland,1.631541219792048,1.747187131755178,1.5035551823454192,0.35,-0.4369238178417234
46,6,highland,-0.27814598095322607,2.0991999770881087,2.370553325152849,0.35,-0.4467189933441243
47,6,highland,-0.8253331500571439,2.6231715957638806,2.658037766440847,0.35,-0.45
48,6,highland,-0.15565883345185413,1.9171984240475117,2.406067123597441,0.35,-0.4467189933441243
49,6,highland,-1.0688968189667212,2.5701886334051993,2.8616822429224285,0.35,-0.43692381784172346
50,6,highland,1.4814015899263229,2.1540215948480657,1.8360003820894937,0.35,-0.4207573092084367
51,6,highland,-0.46730204995761887,2.5747534430065637,2.7146949302061927,0.35,-0.3984552115439446
52,6,highland,-0.30246305116527505,2.8760435482580244,2.7120149950120958,0.35,-0.37034273965214565
